,recording id,wearer_name,has_corruption,door_sequence,matter_duration,life_duration,thought_duration,p1_duration,p2_duration,p3_duration,p4_duration,p5_duration,p6_duration,p7_duration,phone_pickups,phone_duration,overall_duration
0,b5cff087-0b53-499e-997d-05af39002d55,D01-P010,False,"d1.in,d2.out,d3.in,d4.out,d5.in,d6.out",0 days 00:01:57.866622,0 days 00:01:14.397229,0 days 00:12:32.545630,0,0,0,0,0,0,0,0.0,0,0 days 00:20:09.907000
1,0ca2b022-aee7-4299-a2a1-f70663e48628,D03-P011,False,"d1.in,d2.out,d3.in,d4.out,d6.in,d6.out",0 days 00:01:38.328851,0 days 00:03:02.418749,0 days 00:07:42.681755,0,0,0,0 days 00:01:31.444565,0 days 00:00:49.010874,0,0,5.0,0 days 00:02:26.922757,0 days 00:17:18.830000
2,5459d7cb-ad76-41b5-8547-78d0993ce78b,D03-P012,False,"d1.in,d2.out,d3.in,d4.out,d5.in,d6.out",0 days 00:02:43.612596,0 days 00:06:34.444864,0 days 00:02:12.322145,0,0,0,0,0,0,0,8.0,0 days 00:01:32.974840,0 days 00:16:00.290000
3,d954354a-0daf-434e-b34d-fba86285e06d,D01-P011,False,"d1.in,d2.out,d3.in,d3.out,d3.in,d4.out,d6.in,d5.out",0 days 00:01:21.307438,0 days 00:01:30.655332,0 days 00:06:32.781681,0 days 00:04:16.418408,0 days 00:01:10.842014,0,0 days 00:00:08.413742,0,0,0,5.0,0 days 00:01:35.651010,0 days 00:19:53.243000
4,b726709d-b664-48c0-8161-0b5b8533d84b,D05-P013,False,"d1.in,d2.out,d3.in,d4.out,d6.in,d5.out",0 days 00:01:24.796128,0 days 00:05:28.292208,0 days 00:05:12.211928,0 days 00:00:36.183004,0,0,0 days 00:00:55.226232,0,0,0,0.0,0,0 days 00:17:04.780000
5,f40c32e2-0a77-4196-9936-64710274c8df,D03-P013,False,"d1.in,d2.out,d3.in,d4.out,d6.in,d6.out",0 days 00:03:43.710112,0 days 00:07:42.575636,0 days 00:07:50.525324,0,0 days 00:01:00.905252,0,0 days 00:00:39.204404,0,0,0,5.0,0 days 00:09:21.742888,0 days 00:25:56.444000
6,a8cceb5f-cd37-457a-999f-cf413d506956,D05-P014,False,"d1.in,d2.out,d3.in,d4.out,d5.in,d6.out",0 days 00:02:25.938904,0 days 00:04:36.060548,0 days 00:03:33.696582,0,0,0,0,0,0,0,4.0,0 days 00:02:08.624176,0 days 00:11:39.740000
7,46769913-7db3-4ef7-8a61-2c1af05f682d,D01-P012,False,"d1.in,d2.out,d3.in,d4.out,d3.in,d4.out,d5.in,d6.out",0 days 00:01:52.331380,0 days 00:04:55.857710,0 days 00:03:34.773984,0,0,0,0,0 days 00:02:24.831812,0,0,2.0,0 days 00:02:12.876348,0 days 00:22:58.232000
8,99676722-0eca-488c-a35f-c755d50ab75c,D05-P015,False,"d4.in,d4.out,d6.in,d6.out",0,0 days 00:03:31.830212,0 days 00:09:04.920936,0,0,0 days 00:02:33.720036,0,0,0,0 days 00:00:18.655378,8.0,0 days 00:06:51.714932,0 days 00:20:55.566000
9,c82002ba-afe9-445e-90cc-97493a0461fd,D02-P015,False,"d1.in,d2.out,d3.in,d4.out,d5.in,d6.out",0 days 00:00:57.804369,0 days 00:03:22.837652,0 days 00:11:33.469900,0,0,0,0,0,0,0,5.0,0 days 00:02:26.171376,0 days 00:18:29.075000
10,500ce1f3-f703-4036-b857-fc8a18dfe870,D03-P014,False,"d1.in,d2.out,d3.in,d4.out,d5.in,d6.out",0 days 00:03:23.375638,0 days 00:03:05.258224,0 days 00:09:42.373772,0,0,0,0,0,0,0,2.0,0 days 00:09:06.613788,0 days 00:18:35.546000
11,6d8083ee-e818-49dd-8342-658a3b410dcc,D01-P013,False,"d1.in,d2.out,d3.in,d4.out",0 days 00:01:42.352500,0 days 00:02:03.843340,0,0 days 00:00:33.836520,0,0,0,0,0,0,1.0,0 days 00:01:48.432044,0 days 00:08:26.666000
12,dd67f850-5aab-4ef3-b947-3ceceb27fb55,D01-P014,True,"d1.in,d2.out",0 days 00:00:42.818640,0,0,0 days 00:16:58.110984,0 days 00:00:17.296952,0 days 00:07:52.833680,0 days 00:00:12.300944,0,0,0 days 00:08:00.131894,3.0,0 days 00:00:10.240140,0 days 00:41:52.585000
13,6dfd3c28-32c7-4ff2-9115-dc4a8e62f658,D02-P016,False,"d3.in,d3.out,d2.in,d2.out,d6.in,d5.out",0 days 00:02:28.864708,0 days 00:03:03.981736,0 days 00:05:26.231408,0,0,0 days 00:01:41.953576,0,0 days 00:02:55.652940,0,0,5.0,0 days 00:11:48.122560,0 days 00:47:29.781000
14,986ba578-794c-4d6b-8db5-9a587b0ff459,D03-P015,False,"d1.in,d2.out,d3.in,d4.out,d6.in,d6.out",0 days 00:02:11.836052,0 days 00:03:10.292396,0 days 00:05:44.146402,0,0,0,0,0,0 days 00:01:00.558520,0,3.0,0 days 00:01:25.853770,0 days 00:13:43.096000
15,1ee607f1-ad5a-44bb-8062-5680cbb17bb0,D05-P016,False,"d1.in,d2.out,d3.in,d4.out,d6.in,d6.out",0 days 00:02:39.933752,0 days 00:01:39.006848,0 days 00:02:11.697988,0,0,0,0,0,0,0,1.0,0 days 00:00:14.390056,0 days 00:07:59.226000
16,be25d1bf-9a3c-4a67-b916-640db830410a,D05-P019,False,"d1.in,d2.out,d3.in,d4.out,d5.in,d6.out,d1.in,d2.out,d3.in,d3.out,d6.in,d6.out",0 days 00:01:56.406492,0 days 00:00:18.343144,0 days 00:15:23.418243,0,0,0 days 00:01:05.959432,0 days 00:00:24.967124,0 days 00:06:30.493477,0,0 days 00:01:19.418168,0.0,0,0 days 00:33:06.099000
17,ae68105b-8d77-4cbd-858a-1703f291184f,D05-P018,False,"d1.in,d2.out,d3.in,d4.out,d5.in,d6.out",0 days 00:01:11.909844,0 days 00:01:37.509140,0 days 00:00:34.210188,0 days 00:00:11.435944,0,0,0,0,0,0,4.0,0 days 00:02:42.017816,0 days 00:05:11.964000
18,8a6535fa-ce2a-4c02-91e9-5e5a45192039,D04-P018,False,"d1.in,d2.out,d3.in,d4.out,d5.in,d6.out",0 days 00:03:21.293398,0 days 00:07:14.437400,0 days 00:06:29.370016,0,0,0,0,0,0,0,6.0,0 days 00:01:48.990696,0 days 00:18:58.404000
19,fe1ee46b-3fbf-4146-8547-51d3c7626676,D05-P021,False,"d1.in,d2.out,d2.in,d2.out,d3.in,d4.out,d5.in,d6.out",0 days 00:01:45.081219,0 days 00:02:09.313252,0 days 00:02:03.650920,0,0 days 00:00:16.239703,0,0,0,0,0,0.0,0,0 days 00:09:43.430000
20,c6a518de-32b2-4751-89ec-96f680922133,D05-P023,False,"d1.in,d2.out,d3.in,d4.out,d6.in,d5.out",0 days 00:00:46.570771,0 days 00:00:44.819953,0 days 00:01:31.495623,0,0,0,0,0,0,0,3.0,0 days 00:00:42.553637,0 days 00:04:57.381000
21,4780d6a4-c49f-459e-8e2c-d61768237f80,D01-P015,False,"d1.in,d2.out,d3.in,d4.out,d5.in,d6.out",0 days 00:01:10.241576,0 days 00:04:50.678724,0 days 00:01:56.046500,0,0 days 00:01:10.838112,0,0 days 00:01:02.461618,0,0,0,5.0,0 days 00:01:40.857380,0 days 00:13:55.268000
22,15f67a06-5dbd-4555-ac93-d73874022f86,D04-P022,False,"d1.in,d2.out,d3.in,d4.out,d6.in,d6.out",0 days 00:01:23.212728,0 days 00:01:33.965302,0 days 00:02:56.444144,0,0 days 00:01:39.510592,0,0,0,0,0,0.0,0,0 days 00:09:42.583000
23,dd37946d-ffa5-4d92-b20d-33a603f3606c,D03-P026,False,"d1.in,d2.out,d3.in,d4.out,d6.in,d6.out",0 days 00:01:20.098972,0 days 00:02:26.421236,0 days 00:06:10.572852,0 days 00:00:13.015243,0 days 00:02:11.288152,0,0 days 00:01:52.562708,0,0,0,0.0,0,0 days 00:16:20.752000
24,c70fb6dc-c076-4a85-821c-2f1e2b637414,D04-P024,False,"d1.in,d2.out,d3.in,d4.out,d6.in,d6.out",0 days 00:04:03.748980,0 days 00:07:51.818944,0 days 00:08:04.307612,0 days 00:09:17.028356,0 days 00:02:04.375280,0,0,0,0,0,0.0,0,0 days 00:33:23.965000
25,0dc1c834-75f3-487c-9f47-db217b57f749,D01-P028,True,"d1.in,d2.out,d3.in,d4.out",0 days 00:02:10.302020,0 days 00:02:50.951860,0,0 days 00:01:33.348892,0 days 00:12:21.506936,0 days 00:00:08.237416,0 days 00:13:32.242936,0,0,0,1.0,0 days 00:00:54.968660,0 days 00:44:33.486000
26,ed0ee5c0-07c3-40f6-87e1-7815c9ad2340,D03-P027,True,"d1.in,d2.out,d3.in,d4.out,d5.in",0 days 00:01:52.945708,0 days 00:09:26.286360,0 days 00:04:08.727096,0,0,0,0 days 00:00:55.043592,0,0,0,4.0,0 days 00:01:34.813572,0 days 00:22:10.401000
27,adfa4034-99d1-44ae-9f75-ada801a5beb6,D02-P017,False,"d1.in,d2.out,d3.in,d4.out,d4.in,d4.out,d5.in,d6.out",0 days 00:02:41.589335,0 days 00:01:34.393184,0 days 00:05:20.651919,0,0,0,0,0,0,0,7.0,0 days 00:02:50.767680,0 days 00:14:34.747000
28,b7257217-61bd-4216-b8e2-3ce9d1c7a269,D03-P028,False,"d1.in,d2.out,d3.in,d4.out,d5.in,d6.out",0 days 00:02:11.378084,0 days 00:01:55.115352,0 days 00:03:08.048162,0,0,0,0,0,0,0,6.0,0 days 00:02:41.951152,0 days 00:09:15.116000
29,ea6ffaa9-af67-445a-9e6a-c38a1f835977,D03-P029,False,"d1.in,d2.out,d3.in,d4.out,d5.in,d6.out",0 days 00:03:01.559284,0 days 00:05:33.920940,0 days 00:06:38.051872,0,0 days 00:00:50.834140,0 days 00:04:35.715516,0,0,0,0,0.0,0,0 days 00:23:36.952000
30,93dcfb00-3142-442e-adbe-0cfa02fe0650,D02-P018,True,d1.in,0 days 00:02:18.442452,0,0,0,0,0,0,0,0,0,1.0,0 days 00:01:51.950976,0 days 00:08:15.981000
31,1f0bf2f2-a924-448c-845e-d134636dc59b,D05-P024,False,"d1.in,d2.out,d3.in,d4.out,d5.in,d6.out",0 days 00:07:59.752900,0 days 00:07:36.379800,0 days 00:06:18.028628,0 days 00:11:37.834320,0,0,0 days 00:00:10.088828,0,0,0,11.0,0 days 00:05:31.711744,0 days 00:42:23.971000
32,2ed6ac32-baed-48e9-a93c-bd772b23a978,D04-P025,True,"d1.in,d2.out,d3.in,d4.out,d6.in",0 days 00:02:39.526308,0 days 00:16:39.822608,0 days 00:07:26.383397,0 days 00:02:01.936256,0 days 00:03:54.398368,0,0 days 00:04:59.368588,0 days 00:09:39.426855,0,0,11.0,0 days 00:03:18.200408,0 days 00:49:06.876000
33,d134560b-a224-47df-be45-00bf7c644569,D02-P019,False,"d3.in,d4.out,d5.in,d6.out",0,0 days 00:07:15.574532,0 days 00:02:28.415796,0 days 00:01:21.631912,0,0,0 days 00:01:50.716308,0 days 00:07:26.958392,0,0,3.0,0 days 00:02:41.412268,0 days 00:23:24.428000
34,ac594c23-59c2-43e0-a373-a68969d189a8,D05-P025,False,"d3.in,d4.out,d5.in,d6.out",0,0 days 00:07:17.135444,0 days 00:02:30.482916,0 days 00:00:38.313140,0,0,0 days 00:01:49.166728,0 days 00:01:27.930156,0,0,6.0,0 days 00:03:00.759920,0 days 00:31:34.026000
35,7634cb54-a102-4c76-81cb-cbcd443fb926,D03-P030,False,"d3.in,d4.out,d1.in,d2.out,d5.in,d6.out",0 days 00:01:22.887904,0 days 00:01:34.312752,0 days 00:05:07.154636,0,0,0 days 00:02:43.482928,0 days 00:03:49.564960,0,0,0 days 00:00:47.393260,3.0,0 days 00:00:34.438956,0 days 00:20:51.582000
36,f5243a08-3764-447b-a506-3aa085248bda,D01-P029,False,"d3.in,d4.out,d5.in,d6.out",0,0 days 00:04:14.304184,0 days 00:02:46.253724,0,0,0,0,0,0,0,0.0,0,0 days 00:10:37.204000
37,9410ddf2-831f-4b9b-aa49-e8a6ed238085,D01-P030,True,d1.in,0 days 00:00:16.767744,0,0,0 days 00:01:16.563159,0 days 00:03:58.407328,0,0,0,0,0,0.0,0,0 days 00:21:13.863777402
38,e401652f-f4eb-4a12-aeb2-9ba8019a3bc3,D02-P020,False,"d1.in,d2.out,d3.in,d4.out,d5.in,d6.out",0 days 00:03:45.244504,0 days 00:04:11.365603,0 days 00:09:02.047140,0 days 00:00:49.120000,0 days 00:04:03.621668,0,0 days 00:03:24.290352,0,0 days 00:02:33.627248,0 days 00:01:48.108344,2.0,0 days 00:00:44.220180,0 days 00:32:29.065000
39,2aa9e6f7-d4c9-4b12-8d72-2f6f99eb8f72,D05-P026,False,"d3.in,d4.out,d1.in,d2.out",0 days 00:01:20.111760,0 days 00:00:32.465176,0,0 days 00:02:19.651936,0,0,0,0,0,0,0.0,0,0 days 00:07:29.931000
40,ddb241e7-200e-4157-9efd-a607dde81da5,D03-P031,False,"d1.in,d2.out,d3.in,d4.out,d5.in,d6.out",0 days 00:02:21.740328,0 days 00:03:00.056492,0 days 00:02:02.127200,0,0,0,0,0,0,0,3.0,0 days 00:02:40.430784,0 days 00:10:05.632000
41,19ea8fea-94f4-44b0-a845-a223f5d0e1ca,D05-P027,False,"d1.in,d2.out,d3.in,d4.out",0 days 00:01:46.049972,0 days 00:03:13.746004,0,0,0,0,0,0 days 00:01:14.852568,0,0 days 00:01:23.933864,3.0,0 days 00:01:15.956440,0 days 00:12:48.187000
42,4f401b71-5321-40db-b39b-49223b984f70,D04-P027,False,"d1.in,d2.out,d3.in,d4.out,d6.in,d5.out",0 days 00:02:30.330360,0 days 00:01:40.094316,0 days 00:04:11.212748,0 days 00:02:56.335424,0,0 days 00:00:19.398528,0 days 00:00:45.448164,0,0 days 00:01:23.160540,0,2.0,0 days 00:01:39.864036,0 days 00:17:40.228000
43,4cacf777-3b49-478f-96d2-52995e71b599,D02-P021,False,"d1.in,d2.out,d3.in,d4.out,d4.in,d4.out",0 days 00:02:01.409003,0 days 00:01:26.979760,0,0,0,0,0,0,0,0,3.0,0 days 00:00:46.925792,0 days 00:09:42.331000
44,0c08aa2b-acc1-4bba-9fae-fc127695a1ee,D01-P031,False,"d1.in,d2.out,d3.in,d4.out,d6.in,d5.out",0 days 00:01:49.597592,0 days 00:03:24.606288,0 days 00:03:13.691912,0 days 00:00:48.095328,0,0,0,0,0,0,2.0,0 days 00:00:44.425604,0 days 00:12:39.823000
45,a9041d29-fc44-4600-8a21-904325b3cbbf,D02-P022,True,,0,0,0,0,0,0,0,0,0,0,1.0,0 days 00:01:17.073328,0 days 00:33:04.071000
46,8fc2e0d7-7284-4471-8958-4b1bb65b449a,D01-P032,False,"d1.in,d2.out,d3.in,d4.out,d5.in,d6.out",0 days 00:02:03.399508,0 days 00:01:37.696800,0 days 00:01:49.840616,0,0,0,0,0,0,0,0.0,0,0 days 00:09:02.229000
47,176f80b9-653d-4166-979b-e7f5a1440a3b,D01-P033,False,"d1.in,d2.out,d3.in,d4.out,d5.in,d6.out",0 days 00:02:02.680064,0 days 00:01:51.083984,0 days 00:01:41.278828,0,0,0,0,0,0,0,1.0,0 days 00:00:23.745824,0 days 00:07:29.165000
48,de2429fb-5311-4623-b50d-d1d25fd6df92,D03-P033,True,,0,0,0,0,0,0,0,0,0,0,0.0,0,0 days 00:07:28.452000
49,c510ffb5-ebc2-469a-8752-7304b89fb2ad,D02-P023,False,"d1.in,d1.out,d3.in,d4.out",0 days 00:03:44.543392,0 days 00:06:08.699543,0,0 days 00:14:04.397816,0 days 00:08:48.007655,0,0,0,0,0,2.0,0 days 00:00:10.517960,0 days 00:36:43.772291827
50,586a925e-f34f-4e88-a3fd-22d78e1b050c,D03-P034,True,"d1.in,d2.out",0 days 00:00:52.331540,0,0,0,0,0,0,0,0,0,0.0,0,0 days 00:05:49.368000
51,9ad16172-1982-4440-be93-46e954d4f1f3,D04-P028,False,"d1.in,d2.out,d3.in,d4.out,d6.in,d6.out",0 days 00:00:54.218844,0 days 00:03:00.369696,0 days 00:01:57.075124,0,0,0,0,0 days 00:02:41.158648,0,0,4.0,0 days 00:01:36.514668,0 days 00:09:46.113000
52,34b7d65a-a8a8-405f-a18b-8fd17b5d947d,D03-P035,True,"d1.in,d2.out,d3.in",0 days 00:01:00.269692,0 days 00:01:29.297352,0,0,0,0,0,0,0,0,1.0,0 days 00:00:03.521640,0 days 00:11:57.875000
53,976cbad7-be88-4fe2-afe7-3c68e44adf78,D05-P028,False,"d1.in,d2.out,d3.in,d4.out,d6.in,d6.out",0 days 00:04:49.889880,0 days 00:12:29.647068,0 days 00:06:39.765560,0 days 00:12:11.230180,0 days 00:03:11.876700,0,0 days 00:09:32.241008,0 days 00:10:43.624708,0,0 days 00:24:15.001408,1.0,0 days 00:01:01.002292,0 days 01:31:07.790000
54,83dc4e17-3461-4273-852f-8cfcf91471cf,D03-P036,True,"d1.in,d2.out,d3.in,d4.out,d5.in",0 days 00:01:57.801384,0 days 00:01:50.623012,0 days 00:03:24.809554,0,0,0,0 days 00:02:06.090376,0,0,0,3.0,0 days 00:00:45.042693,0 days 00:15:25.120000
55,73559f2e-fe2d-4680-a943-ba14d3e1b54d,D04-P029,True,"d1.in,d2.out,d3.in,d4.out,d5.in",0 days 00:03:52.804056,0 days 00:05:03.336995,0 days 00:02:40.716184,0 days 00:20:31.014440,0 days 00:05:07.453536,0 days 00:00:11.902436,0 days 00:01:13.824344,0,0 days 00:01:33.129216,0,0.0,0,0 days 00:44:54.572976270
56,7758cc7e-e176-449d-96a0-a1de7b0291cb,D03-P037,True,,0,0,0,0,0,0,0,0 days 00:03:20.590132,0,0,0.0,0,0 days 00:27:36.772000
57,a0790eb7-281f-424e-8bfb-e6ff50652111,D03-P038,True,"d1.in,d2.out,d3.in",0 days 00:01:41.642964,0 days 00:00:19.292552,0,0 days 00:13:44.822208,0 days 00:00:46.696588,0,0 days 00:05:09.495744,0,0,0,0.0,0,0 days 00:27:29.284000
58,46f7febe-d6e4-4c3e-b8ac-ff51ceda6811,D01-P035,False,"d1.in,d2.out,d3.in,d4.out,d6.in,d5.out",0 days 00:03:10.014099,0 days 00:03:03.927668,0 days 00:02:02.163616,0,0 days 00:00:49.850148,0,0,0 days 00:00:51.034044,0,0,2.0,0 days 00:01:39.610288,0 days 00:13:58.751000
59,763c9744-7259-4ee2-be90-3a9d2ac28c8a,D04-P030,False,"d1.in,d2.out,d3.in,d4.out,d6.in,d5.out",0 days 00:03:11.678144,0 days 00:03:02.256364,0 days 00:02:04.838296,0,0 days 00:00:48.770256,0,0,0 days 00:00:53.700424,0,0,2.0,0 days 00:01:48.599580,0 days 00:13:56.946000
60,268adea8-87ab-46c3-9771-2f94a0086331,D02-P024,False,"d1.in,d2.out,d3.in,d4.out,d5.in,d6.out",0 days 00:03:35.359540,0 days 00:00:33.193962,0 days 00:10:39.771084,0,0,0,0,0,0,0,6.0,0 days 00:04:59.517736,0 days 00:16:27.994000
61,fb5d6b80-0aa9-4b85-85a0-12dfa9d8b684,D01-P036,True,,0,0,0,0 days 00:04:57.172360,0,0,0,0,0,0,0.0,0,0 days 00:08:38.221862132
62,ab10a510-97b7-4f24-8555-ed411e4dab42,D04-P031,True,"d1.in,d2.out",0 days 00:03:21.955192,0,0,0 days 00:10:12.308000,0,0,0 days 00:03:31.941518,0,0,0,3.0,0 days 00:00:45.977236,0 days 00:22:44.140000
63,05507e06-d390-4b47-a555-340ba534513e,D03-P039,True,d5.in,0,0,0 days 00:00:23.124912,0,0 days 00:03:55.304076,0,0,0,0 days 00:02:02.598168,0,1.0,0 days 00:00:05.459144,0 days 00:10:46.466000
64,0fb368b0-7ff2-47fe-bcaa-144e905e1d1e,D03-P040,True,d1.in,0,0 days 00:00:12.547164,0,0,0,0,0,0,0,0,0.0,0,0 days 00:07:30.749197233
65,7944687f-f063-419d-832a-609c2d475ceb,D05-P029,False,"d1.in,d2.out,d3.in,d4.out",0 days 00:02:13.269948,0 days 00:04:09.271212,0,0 days 00:04:23.925620,0 days 00:08:03.594552,0 days 00:04:51.137288,0 days 00:05:24.714900,0,0,0,0.0,0,0 days 00:31:05.927000
66,f94c1589-77d7-4f22-9a17-e088640754d9,D02-P025,True,d1.in,0 days 00:00:26.137452,0,0,0,0,0,0,0,0,0,0.0,0,0 days 00:05:12.004000
67,8f6bce0e-5adc-4f16-b8b8-c5d27639a0c7,D03-P041,True,"d1.in,d2.out,d3.in,d4.out",0 days 00:00:26.241840,0 days 00:00:29.050368,0,0,0 days 00:00:27.132340,0,0,0 days 00:01:08.672836,0,0,0.0,0,0 days 00:07:55.944000
68,bafc5656-2192-4ece-b6ed-efa08842d1fe,D04-P032,False,"d2.in,d2.out,d3.in,d4.out,d5.in,d6.out",0 days 00:03:27.759628,0 days 00:02:21.602452,0 days 00:02:55.068076,0,0 days 00:08:08.407020,0,0 days 00:10:34.509024,0,0,0 days 00:00:27.369868,6.0,0 days 00:08:12.022228,0 days 00:36:57.788000
69,80cb32c9-7d77-4c30-a07d-075bffc58cd9,D02-P026,False,"d1.in,d2.out,d3.in,d4.out,d5.in,d6.out",0 days 00:01:02.346316,0 days 00:02:47.740208,0 days 00:03:08.599444,0 days 00:06:17.362442,0,0,0,0 days 00:04:24.887904,0,0,0.0,0,0 days 00:22:35.277000
70,ea8e5b99-3e50-4927-8c3d-f02a9cf4a0d8,D01-P037,False,"d3.in,d4.out,d5.in,d6.out",0,0 days 00:05:55.638624,0 days 00:06:20.867980,0,0 days 00:13:25.899080,0,0,0,0,0,1.0,0 days 00:00:04.273684,0 days 00:26:48.903000
71,72d45240-0106-4b33-af6b-4ec0711a439e,D02-P027,False,"d1.in,d2.out,d3.in,d4.out,d5.in,d6.out",0 days 00:01:41.830260,0 days 00:01:48.579464,0 days 00:08:04.028087,0,0,0,0,0,0 days 00:04:03.475776,0 days 00:00:35.188352,0.0,0,0 days 00:19:10.324000
72,2bde87a5-5f59-4afb-b375-68aa459aea1e,D04-P033,False,"d1.in,d2.out,d3.in,d4.out,d5.in,d6.out",0 days 00:01:54.709788,0 days 00:03:26.553388,0 days 00:06:55.801600,0 days 00:00:25.819056,0,0,0,0,0,0,3.0,0 days 00:01:53.071920,0 days 00:13:55.920000
73,30da65cd-b723-443a-99ed-843afe25305d,D01-P038,False,"d1.in,d2.out,d3.in,d4.out,d5.in,d6.out",0 days 00:01:46.546784,0 days 00:02:43.194084,0 days 00:08:57.091140,0 days 00:06:11.726516,0 days 00:00:45.404280,0 days 00:06:41.701560,0,0 days 00:03:04.016064,0,0,4.0,0 days 00:01:23.034428,0 days 00:32:37.668000
74,7cec8f2a-5be0-460e-8cb0-66625e6edc95,D02-P028,False,"d3.in,d4.out,d5.in,d6.out",0,0 days 00:00:54.656548,0 days 00:02:11.113232,0 days 00:01:32.676716,0,0,0,0,0,0 days 00:05:11.813512,6.0,0 days 00:02:33.913188,0 days 00:16:21.422000
75,19a4313c-ff59-4a8e-bc6f-68d6c49f7772,D04-P034,False,"d1.in,d2.out,d3.in,d4.out,d5.in,d6.out",0 days 00:04:48.396052,0 days 00:02:29.429596,0 days 00:03:21.973684,0,0,0,0,0 days 00:01:50.514860,0,0,1.0,0 days 00:01:14.021048,0 days 00:14:10.011000
76,849e25fc-47fe-4698-a79a-74f5ad0fe73e,D04-P035,True,,0,0,0,0 days 00:13:36.311708,0 days 00:03:09.083364,0,0,0,0,0,0.0,0,0 days 00:17:20.751000
77,d07f6d25-a8b0-45e1-abeb-b7b4da655515,D02-P029,False,"d1.in,d2.out,d3.in,d4.out,d6.in,d5.out",0 days 00:02:07.133444,0 days 00:05:15.945752,0 days 00:06:57.792480,0 days 00:03:15.066612,0 days 00:01:21.924376,0,0,0,0,0,0.0,0,0 days 00:21:57.814000
78,e0af6ac1-5d5d-4bdd-80bf-09668aadb8bc,D01-P039,False,"d1.in,d2.out,d3.in,d4.out,d6.in,d6.out",0 days 00:01:31.254496,0 days 00:01:16.342700,0 days 00:04:39.345500,0,0,0,0,0,0,0,1.0,0 days 00:00:19.044256,0 days 00:10:21.739000
79,cd374b35-e435-4808-9e8c-be50c4ecb027,D01-P040,False,"d3.in,d4.out,d5.in,d6.out",0,0 days 00:03:29.637972,0 days 00:05:28.672488,0,0 days 00:00:51.566552,0,0,0,0,0,1.0,0 days 00:00:12.907948,0 days 00:13:51.138000
80,02906112-3521-4373-a149-5f5e08d36ac3,D02-P030,False,"d1.in,d2.out,d3.in,d3.out,d6.in,d6.out",0 days 00:01:52.589308,0 days 00:00:38.747156,0 days 00:01:44.572528,0 days 00:01:08.899848,0 days 00:00:12.233272,0,0,0,0,0,4.0,0 days 00:02:05.567476,0 days 00:13:16.742000
81,b31fcefa-e6f3-44a3-8dac-b10619385ac5,D05-P030,False,"d1.in,d2.out,d3.in,d4.out,d5.in,d6.out",0 days 00:01:34.812468,0 days 00:01:38.746248,0 days 00:02:17.870648,0,0,0,0,0,0,0,2.0,0 days 00:01:23.907700,0 days 00:06:35.550000
82,cd85fb2e-a509-4679-bfc1-43c695298910,D03-P042,False,"d1.in,d2.out,d3.in,d4.out,d6.in,d6.out",0 days 00:04:11.620388,0 days 00:02:07.809292,0 days 00:00:28.492484,0,0,0,0,0 days 00:00:44.448624,0,0,4.0,0 days 00:07:43.083120,0 days 00:10:47.514000
83,5207570b-41dd-4c7a-808d-b60405a1f836,D05-P031,False,"d1.in,d2.out,d3.in,d4.out,d6.in,d5.out",0 days 00:01:28.567964,0 days 00:02:41.794912,0 days 00:02:45.119188,0,0,0,0,0,0,0 days 00:01:50.554348,5.0,0 days 00:01:14.676648,0 days 00:14:59.463000
84,02a1ea46-6c0b-4b52-9b2f-e1a0cba5ef7b,D02-P031,False,"d1.in,d2.out,d3.in,d3.out,d2.in,d2.out",0 days 00:05:57.402404,0 days 00:12:48.526852,0,0,0,0,0,0,0,0,2.0,0 days 00:02:21.293972,0 days 00:20:37.094000
85,868978a5-e856-4771-ba1f-02ea3e5467a7,D03-P043,False,"d3.in,d4.out",0,0 days 00:00:41.800192,0,0 days 00:01:39.487268,0,0,0,0,0,0,1.0,0 days 00:00:39.819556,0 days 00:05:21.330000
86,d2bc2220-8358-4d37-8ddd-437e21217bf8,D05-P032,False,"d1.in,d2.out,d3.in,d4.out,d5.in,d6.out",0 days 00:01:26.622436,0 days 00:04:47.707448,0 days 00:04:05.948016,0,0,0,0,0,0,0,2.0,0 days 00:01:55.574880,0 days 00:11:33.309000
87,c63ba442-f16c-408c-860b-8bf250eadc75,D03-P044,False,"d1.in,d2.out,d3.in,d4.out",0 days 00:02:33.816160,0 days 00:01:50.361300,0,0,0,0 days 00:03:42.349892,0,0 days 00:02:53.997220,0,0,1.0,0 days 00:00:03.957904,0 days 00:14:16.717000
88,588567c6-383a-4114-90bb-857cef0aad21,D02-P032,False,"d1.in,d2.out,d3.in,d4.out,d5.in,d5.out",0 days 00:02:24.876272,0 days 00:01:26.831556,0 days 00:02:54.438664,0 days 00:01:32.104944,0 days 00:00:47.884340,0 days 00:01:50.785904,0,0 days 00:01:05.135808,0,0,1.0,0 days 00:00:08.993296,0 days 00:19:54.293000
89,9ffe3e18-da84-4448-9475-d6b919122aa5,D03-P045,False,"d2.in,d2.out,d1.in,d2.out,d3.in,d4.out,d6.in,d6.out",0 days 00:01:04.115101,0 days 00:00:47.444004,0 days 00:03:21.247384,0,0,0 days 00:00:14.558556,0,0,0,0,3.0,0 days 00:00:19.929404,0 days 00:08:48.483000
90,db2a4dd2-22d7-4dc6-b43d-0ad5da790665,D04-P036,False,"d2.in,d2.out,d1.in,d2.out,d3.in,d4.out,d6.in,d6.out",0 days 00:00:44.441066,0 days 00:00:46.656892,0 days 00:03:17.862236,0,0,0,0,0,0,0,0.0,0,0 days 00:08:34.224000
91,399445b8-e3a1-4816-9d5d-1f7019847862,D02-P033,False,"d1.in,d2.out,d3.in,d4.out",0 days 00:03:23.526555,0 days 00:07:38.995808,0,0,0,0,0 days 00:00:56.161052,0,0,0,6.0,0 days 00:03:19.551180,0 days 00:14:01.842000
92,6164201b-7639-42dc-af3b-72d17e0ad978,D04-P037,False,"d1.in,d2.out,d3.in,d4.out,d6.in,d6.out",0 days 00:01:25.696728,0 days 00:03:24.197264,0 days 00:03:47.582332,0,0,0,0,0,0,0,6.0,0 days 00:01:29.423176,0 days 00:10:02.569000
93,042d020f-ba2a-447a-9303-82d0b2363abf,D03-P046,False,"d1.in,d2.out,d3.in,d4.out,d6.in,d6.out",0 days 00:01:33.155364,0 days 00:03:47.491932,0 days 00:05:07.690692,0,0,0,0,0,0,0,1.0,0 days 00:00:36.031136,0 days 00:11:51.421000
94,1612bf97-3a43-4ffa-ad2a-2401e1335293,D02-P034,False,"d1.in,d2.out,d3.in,d4.out,d5.in,d6.out",0 days 00:01:21.039091,0 days 00:01:27.861456,0 days 00:01:48.468792,0,0,0,0 days 00:00:42.485944,0,0,0,5.0,0 days 00:03:06.741560,0 days 00:08:34.794000
95,d873ed72-c185-40d1-925d-32f24a4c434a,D04-P038,False,,0,0,0,0 days 00:07:42.615644,0,0,0,0,0,0,0.0,0,0 days 00:20:53.533000
96,75bd6ae2-879b-49ed-8c71-273f0a612f31,D02-P035,False,"d1.in,d2.out,d3.in,d4.out,d6.in,d6.out",0 days 00:03:29.521716,0 days 00:02:57.496564,0 days 00:05:36.539644,0,0,0,0 days 00:03:05.614612,0,0,0 days 00:02:52.118616,0.0,0,0 days 00:19:48.816000
97,c7c11930-209a-4999-9c56-ec19fd5bec85,D01-P041,False,"d1.in,d2.out,d3.in,d4.out,d5.in,d6.out",0 days 00:00:45.707376,0 days 00:01:04.649448,0 days 00:00:35.869412,0,0,0,0,0,0,0,0.0,0,0 days 00:03:44.741000
98,06807725-bd17-48f5-b7b3-9abb5695f77b,D03-P047,False,"d1.in,d2.out,d3.in,d4.out,d6.in,d6.out",0 days 00:04:13.022140,0 days 00:04:04.943418,0 days 00:04:36.168604,0,0,0,0 days 00:02:21.720772,0 days 00:00:55.561952,0,0 days 00:00:21.819340,7.0,0 days 00:04:22.010542,0 days 00:19:51.797000
99,2850d1fe-f786-4c18-a350-d08ea478f6b8,D01-P042,False,"d1.in,d2.out,d3.in,d4.out,d5.in,d6.out",0 days 00:01:54.695588,0 days 00:04:02.466756,0 days 00:08:17.649872,0 days 00:01:23.490868,0 days 00:02:46.927948,0,0,0 days 00:00:12.294864,0 days 00:01:24.539488,0,3.0,0 days 00:01:21.446448,0 days 00:24:37.807000
100,517bfa37-1eda-410a-af34-2d74acdb7de8,D02-P036,False,"d1.in,d2.out,d3.in,d4.out,d5.in,d6.out",0 days 00:01:57.023280,0 days 00:05:33.975472,0 days 00:06:53.545764,0,0,0,0,0,0,0,0.0,0,0 days 00:15:56.643000
101,ea819358-ad15-4cb3-9cad-1de085642e89,D03-P048,False,"d1.in,d2.out,d3.in,d4.out,d5.in,d6.out",0 days 00:01:54.274068,0 days 00:01:48.086448,0 days 00:05:25.919132,0,0,0,0,0,0,0,0.0,0,0 days 00:11:08.448000
102,1f5ae2fe-abae-4495-9b74-2318bc7aced5,D02-P037,True,"d1.in,d2.out,d3.in,d4.out",0 days 00:01:31.112928,0 days 00:05:19.954244,0,0 days 00:02:02.708960,0 days 00:00:52.506612,0,0,0,0,0 days 00:04:51.200268,4.0,0 days 00:00:55.948296,0 days 00:27:17.533000
103,e0d7e632-3802-4ecc-8069-f9cf627d2381,D01-P043,False,"d1.in,d2.out,d3.in,d4.out,d5.in,d6.out",0 days 00:02:48.508752,0 days 00:02:18.257756,0 days 00:02:29.734388,0,0,0,0,0,0,0,5.0,0 days 00:03:40.614740,0 days 00:10:07.117000
104,f8cb8f94-f2d1-4fdb-9864-edd38bdeead8,D03-P049,False,"d2.in,d2.out,d3.in,d4.out,d6.in,d6.out",0 days 00:01:47.335284,0 days 00:01:18.840264,0 days 00:01:22.221848,0 days 00:04:03.507504,0,0,0,0,0,0,1.0,0 days 00:00:46.363740,0 days 00:10:19.668000
105,bf916e2a-51ac-43c4-9c92-55d4e4b8dec8,D01-P044,False,"d1.in,d2.out,d3.in,d4.out,d5.in,d6.out",0 days 00:02:17.317376,0 days 00:04:53.782779,0 days 00:07:12.233936,0 days 00:01:16.813024,0,0,0,0,0,0,10.0,0 days 00:16:07.181024,0 days 00:28:12.867000
106,11b012dc-02b9-4015-9ff7-b7492ce4d436,D03-P050,False,"d1.in,d2.out,d3.in,d4.out,d5.in,d5.out",0 days 00:01:41.395684,0 days 00:01:40.680952,0 days 00:02:54.527884,0,0,0,0,0,0,0,0.0,0,0 days 00:07:45.849000
107,1d571e5c-a697-4b77-9690-b443f2e2a8e0,D02-P038,False,"d1.in,d2.out,d3.in,d4.out,d5.in,d6.out",0 days 00:01:43.793024,0 days 00:00:56.405272,0 days 00:00:30.959968,0 days 00:06:46.324368,0 days 00:04:25.205316,0 days 00:07:25.106484,0,0,0,0,0.0,0,0 days 00:28:13.073000
108,6ef00074-90fe-457d-ad95-5e806eca365a,D01-P045,False,"d1.in,d2.out,d3.in,d4.out,d5.in,d6.out",0 days 00:03:23.243980,0 days 00:11:25.759595,0 days 00:17:05.522364,0,0,0 days 00:01:08.262772,0 days 00:03:14.013276,0 days 00:00:28.911800,0,0,2.0,0 days 00:00:14.658304,0 days 00:42:13.913000
109,e30cc624-982e-40f7-a834-b5235225d97c,D02-P039,False,"d1.in,d2.out,d3.in,d4.out,d6.in,d6.out",0 days 00:02:06.631972,0 days 00:03:22.341852,0 days 00:08:32.753724,0,0 days 00:00:17.079992,0,0 days 00:00:20.663127,0,0,0,1.0,0 days 00:00:51.133764,0 days 00:17:13.341000
110,1b89983c-63e6-4734-bfaa-01c023d73358,D03-P051,False,"d1.in,d2.out,d3.in,d4.out,d6.in,d5.out",0 days 00:00:32.019452,0 days 00:02:19.681888,0 days 00:02:06.522788,0 days 00:00:11.905568,0,0,0,0,0,0,0.0,0,0 days 00:24:12.973000
111,e1487a6f-30b5-4180-b1d0-61beda65d065,D02-P040,True,"d1.in,d2.out,d3.in",0 days 00:01:28.252812,0 days 00:00:18.079524,0,0,0,0,0,0,0,0,0.0,0,0 days 00:25:44.531000
112,ca8b1671-d3b7-44f8-981a-d755bb2c99c3,D05-P034,False,"d1.in,d2.out,d3.in,d4.out,d5.in,d6.out",0 days 00:02:29.467864,0 days 00:04:24.895104,0 days 00:08:42.739716,0,0,0,0,0,0,0,6.0,0 days 00:01:57.500036,0 days 00:20:31.586000
113,fcf4d731-45de-49b5-a168-fd1bcf31732c,D03-P052,False,"d1.in,d2.out,d3.in,d4.out,d5.in,d6.out",0 days 00:01:26.337772,0 days 00:03:47.074992,0 days 00:07:16.988668,0 days 00:03:36.656788,0,0,0,0,0,0,6.0,0 days 00:02:49.377004,0 days 00:18:37.735000
114,a6091603-b9c8-4835-a12b-46c0b879016b,D04-P039,False,"d1.in,d2.out,d2.in,d2.out,d3.in,d4.out,d6.in,d5.out",0 days 00:02:21.459204,0 days 00:07:24.301080,0 days 00:06:42.730184,0,0,0 days 00:03:33.846936,0 days 00:05:30.752364,0,0,0 days 00:05:35.795012,15.0,0 days 00:09:37.625892,0 days 00:34:05.912000
115,092cd55f-03aa-4f20-b91e-a1b35aaa0e57,D05-P035,True,"d1.in,d2.out",0 days 00:04:05.889151,0 days 00:02:20.925952,0,0,0,0 days 00:09:53.913869,0 days 00:04:22.709568,0,0,0,4.0,0 days 00:01:56.816888,0 days 00:23:38.068674581
116,9a1e5ac7-0bcb-47dc-9c60-4e596cd842ff,D01-P046,False,"d1.in,d2.out,d3.in,d4.out,d5.in,d6.out",0 days 00:00:38.340872,0 days 00:00:54.356108,0 days 00:00:52.198902,0,0,0,0,0,0,0,3.0,0 days 00:01:10.796352,0 days 00:04:22.321000
117,76cead75-bfa9-4c7a-a24c-f9e038c22e25,D01-P047,False,"d1.in,d2.out,d3.in,d4.out,d6.in,d5.out",0 days 00:09:33.492248,0 days 00:07:54.547420,0 days 00:05:33.976328,0,0,0,0,0,0,0,3.0,0 days 00:01:03.095156,0 days 00:25:10.771000
118,5a24c5ac-1f5c-4926-b522-dbccecc62087,D04-P040,True,"d1.in,d2.out,d3.in",0 days 00:06:15.867843,0 days 00:14:40.619128,0,0 days 00:06:41.658540,0 days 00:01:20.062948,0 days 00:14:03.249644,0 days 00:06:03.298799,0,0,0,2.0,0 days 00:01:55.679212,0 days 00:50:14.791291785
119,79aa303b-0931-4460-b496-908ded248a16,D02-P041,False,"d3.in,d4.out,d5.in,d6.out",0,0 days 00:00:24.367060,0 days 00:09:04.599448,0 days 00:01:39.814098,0,0 days 00:04:14.480244,0 days 00:12:27.342957,0 days 00:03:20.800500,0 days 00:01:07.484548,0,0.0,0,0 days 00:55:55.606000
120,9926db2d-29b6-438d-9020-5aa7b7cedda8,D01-P048,False,"d1.in,d2.out,d3.in,d4.out,d6.in,d6.out",0 days 00:02:08.458003,0 days 00:01:17.962652,0 days 00:02:35.307360,0,0 days 00:00:21.516240,0 days 00:06:55.795771,0,0,0,0,2.0,0 days 00:01:02.019427,0 days 00:17:53.597000
121,45900af2-9b29-4257-9991-be546c4a97b8,D03-P053,True,"d1.in,d2.out,d3.in,d4.out",0 days 00:01:01.162168,0 days 00:07:56.083752,0,0 days 00:00:19.790256,0,0 days 00:11:07.206475,0 days 00:03:30.491944,0,0,0,0.0,0,0 days 00:36:19.064000
122,d0a81be6-74a7-4786-8c3c-8a5149ce7c8e,D05-P036,False,"d1.in,d2.out,d3.in,d4.out,d5.in,d6.out",0 days 00:00:56.070778,0 days 00:02:19.151848,0 days 00:06:27.690894,0,0,0,0 days 00:02:27.129244,0,0,0,3.0,0 days 00:00:22.788132,0 days 00:13:28.142000
123,929c14bc-6fd4-4859-a210-ae0e9d6e3604,D01-P049,False,"d1.in,d2.out,d3.in,d4.out",0 days 00:01:50.566894,0 days 00:01:38.753926,0,0 days 00:00:46.460913,0 days 00:03:03.671404,0,0 days 00:00:13.769204,0,0,0,2.0,0 days 00:00:12.424048,0 days 00:11:31.609000
124,e96dec56-421e-46e2-8427-5d9f370c7233,D03-P054,True,"d1.in,d2.out,d3.in",0 days 00:03:33.064957,0 days 00:01:28.961532,0,0 days 00:00:37.603620,0 days 00:00:21.484820,0,0,0,0,0,1.0,0 days 00:00:05.804268,0 days 00:13:01.933764690
125,1a3c7446-e11b-41e8-928c-11ff1cbd762e,D05-P037,False,"d1.in,d2.out,d3.in,d4.out,d5.in,d6.out",0 days 00:02:53.424908,0 days 00:02:08.939246,0 days 00:04:28.332444,0,0,0,0,0,0,0,2.0,0 days 00:00:15.748780,0 days 00:17:43.435000
126,14652432-7820-46b1-883f-6fa0bf11662e,D01-P050,False,"d1.in,d2.out,d3.in,d4.out,d5.in,d6.out",0 days 00:01:21.614192,0 days 00:03:06.500269,0 days 00:05:15.742524,0 days 00:00:19.065784,0,0,0,0,0,0,3.0,0 days 00:02:34.432196,0 days 00:11:52.039000
127,52c65ff0-e99d-4dbe-808f-6d204810f186,D04-P041,False,"d1.in,d2.out,d3.in,d4.out",0 days 00:01:21.710896,0 days 00:04:02.511236,0,0 days 00:01:06.467488,0 days 00:01:27.779228,0,0 days 00:00:48.995340,0,0,0,7.0,0 days 00:02:01.831028,0 days 00:12:08.706000
128,5de63a96-c88b-4e02-a63c-02d6cca4405c,D03-P055,False,"d1.in,d2.out,d3.in,d4.out,d6.in,d6.out",0 days 00:00:56.767946,0 days 00:01:41.520142,0 days 00:01:47.976632,0,0 days 00:00:14.242208,0,0 days 00:00:12.760679,0,0,0 days 00:06:48.974237,5.0,0 days 00:01:41.641342,0 days 00:14:37.382000
129,52c179fa-1840-41cc-a906-9f7c15e672c5,D02-P043,False,"d1.in,d2.out,d3.in,d4.out,d6.in,d6.out",0 days 00:02:21.112383,0 days 00:06:58.143040,0 days 00:15:02.344172,0,0,0,0,0 days 00:05:17.222170,0,0 days 00:02:27.216848,1.0,0 days 00:00:19.574404,0 days 00:34:09.370000
130,d5be8c20-b8b7-4251-8197-99a9727a3126,D02-P044,False,"d1.in,d1.out,d3.in,d4.out,d5.in,d6.out",0 days 00:01:14.172890,0 days 00:01:31.305631,0 days 00:02:00.558426,0,0,0,0,0,0,0,4.0,0 days 00:02:15.050845,0 days 00:08:48.185000
131,b5625d07-16f7-4cf0-b7d9-163b24362c71,D01-P052,False,"d1.in,d2.out,d3.in,d4.out,d5.in,d6.out",0 days 00:01:28.598704,0 days 00:01:50.291008,0 days 00:10:27.158180,0,0,0 days 00:00:24.826000,0 days 00:02:47.572584,0,0 days 00:01:08.371392,0,1.0,0 days 00:00:17.772696,0 days 00:22:08.774000
132,63766c69-1136-4d20-ae73-aaa4cd44baac,D03-P057,True,"d1.in,d2.out,d3.in",0 days 00:01:34.003376,0 days 00:02:27.490551,0,0,0,0 days 00:00:55.985082,0,0,0,0,2.0,0 days 00:01:00.016890,0 days 00:18:19.547000
133,114f6241-c71d-405e-a864-3f7957fe60f2,D02-P045,False,"d1.in,d2.out,d3.in,d4.out,d5.in,d6.out",0 days 00:01:01.004115,0 days 00:00:49.346908,0 days 00:00:52.178720,0,0,0,0,0,0,0,3.0,0 days 00:01:01.809825,0 days 00:04:00.007000
134,e4572a57-f189-4d4c-9cc2-91e8d642dd5f,D02-P046,False,"d1.in,d2.out,d3.in,d4.out,d5.in,d6.out",0 days 00:01:27.955572,0 days 00:04:40.926377,0 days 00:01:55.056028,0 days 00:06:16.394600,0,0 days 00:00:25.391740,0 days 00:05:05.188972,0,0,0,1.0,0 days 00:00:19.045222,0 days 00:34:42.833000
135,d1c11009-5036-4a72-9b70-1b00108e6cf2,D01-P053,False,"d1.in,d2.out,d3.in,d4.out,d6.in,d6.out",0 days 00:00:43.219392,0 days 00:00:50.949144,0 days 00:00:52.033136,0,0,0,0,0,0,0,0.0,0,0 days 00:03:51.185000
136,477bc7a6-0152-4e1e-9d62-599f9189f492,D05-P038,False,"d1.in,d2.out,d3.in,d4.out,d5.in,d6.out",0 days 00:01:26.400900,0 days 00:04:52.180496,0 days 00:09:16.360559,0,0,0,0,0,0,0,4.0,0 days 00:01:17.201628,0 days 00:20:04.196000
137,56cfb8d5-7f0f-426b-9e1a-954e387cc9c5,D01-P054,False,"d1.in,d2.out,d3.in,d4.out,d5.in,d6.out",0 days 00:02:20.839520,0 days 00:05:44.601920,0 days 00:02:59.357664,0 days 00:01:11.830152,0,0 days 00:00:30.499060,0,0,0,0,1.0,0 days 00:00:01.712216,0 days 00:15:05.366000
138,61b9abb9-1460-401a-9b38-03047081142c,D03-P058,True,"d2.in,d2.out,d3.in",0 days 00:01:43.534180,0 days 00:03:23.030227,0,0,0,0 days 00:00:20.890728,0,0,0,0,1.0,0 days 00:00:10.010888,0 days 00:25:07.951997923
139,b13954af-5f09-471f-ad81-2af0904cc308,D03-P059,False,"d1.in,d2.out,d3.in,d4.out,d6.in,d6.out",0 days 00:02:32.870704,0 days 00:02:27.491212,0 days 00:04:52.356546,0,0,0 days 00:00:26.371616,0 days 00:01:27.370824,0,0,0,3.0,0 days 00:00:45.308330,0 days 00:17:34.755000
140,57db7561-767b-40e8-b9e9-b611ce739d7e,D01-P055,False,"d1.in,d2.out,d3.in,d4.out,d5.in,d5.out,d5.in,d6.out",0 days 00:01:05.932644,0 days 00:12:21.467568,0 days 00:01:42.779454,0,0,0,0 days 00:02:01.325320,0,0 days 00:01:53.688404,0,1.0,0 days 00:00:01.145592,0 days 00:34:10.556000
141,ad7e10ba-d8de-451c-bbee-db62eb010e35,D02-P047,True,"d1.in,d2.out,d3.in",0 days 00:01:04.960140,0 days 00:02:59.201372,0,0 days 00:08:56.373794,0,0,0,0,0,0,2.0,0 days 00:03:15.482932,0 days 00:26:32.793000
142,f3f3c3d4-6344-4b0e-aa97-d7a72f3a9752,D05-P039,False,"d1.in,d2.out,d3.in,d4.out,d5.in,d6.out",0 days 00:00:21.969410,0 days 00:02:16.902936,0 days 00:02:40.022109,0,0,0,0,0,0 days 00:00:39.837900,0,2.0,0 days 00:01:32.485716,0 days 00:09:30.251000
143,965e44d8-6448-4a3d-b1b0-6b97046d6e9f,D04-P043,False,"d1.in,d2.out,d3.in,d4.out,d5.in,d6.out",0 days 00:01:04.121267,0 days 00:02:40.901388,0 days 00:01:43.148285,0,0 days 00:00:41.078240,0,0,0,0,0,0.0,0,0 days 00:08:11.051000
144,bd9ca156-315b-4b2e-9ea6-3d55b6fb1c40,D05-P040,False,"d1.in,d2.out,d3.in,d4.out,d5.in,d6.out",0 days 00:02:42.609984,0 days 00:04:16.604316,0 days 00:03:30.305872,0,0,0,0,0,0,0,0.0,0,0 days 00:12:13.353000
145,bb8cc5e8-43e7-493c-8552-77ede0bca111,D01-P056,True,"d1.in,d2.out,d3.in,d4.out,d6.in",0 days 00:01:28.912208,0 days 00:05:23.736594,0 days 00:02:38.736378,0 days 00:03:14.372200,0 days 00:00:22.607412,0,0 days 00:00:08.645020,0,0,0 days 00:02:25.687064,7.0,0 days 00:01:20.595280,0 days 00:21:19.394994022
146,5d478dbe-fd1b-4d79-9eee-37402bdaf974,D04-P044,True,"d1.in,d2.out,d5.in",0 days 00:02:08.576452,0,0 days 00:20:29.614217,0,0,0,0 days 00:00:51.170811,0,0,0,3.0,0 days 00:00:55.443678,0 days 00:25:52.558014830
147,04d9e15f-0572-4302-8da2-b06d6fe6da1e,D02-P048,False,"d1.in,d1.out,d3.in,d3.out,d5.in,d5.out",0 days 00:00:19.851200,0 days 00:00:02.863604,0 days 00:00:11.249024,0 days 00:00:06.101528,0,0,0 days 00:00:15.557572,0,0,0,2.0,0 days 00:00:15.437872,0 days 00:06:01.575000
148,5a20226b-2df3-47a7-9be5-a3799a96f05b,D05-P041,False,"d1.in,d2.out,d3.in,d4.out,d5.in,d6.out",0 days 00:01:46.279728,0 days 00:04:19.389550,0 days 00:07:00.038341,0,0,0,0 days 00:00:14.273766,0,0,0,0.0,0,0 days 00:15:53.002000
149,417eba26-0190-4848-b815-ca7091b65cff,D02-P049,False,"d1.in,d2.out,d3.in,d4.out,d6.in,d6.out",0 days 00:01:45.728768,0 days 00:03:01.491536,0 days 00:02:07.951544,0 days 00:05:20.819012,0,0,0 days 00:04:51.958168,0,0,0,0.0,0,0 days 00:19:46.305000
150,6700112d-5fad-4142-b96a-dfb3694d9dd3,D05-P042,False,"d1.in,d2.out,d3.in,d4.out,d5.in,d6.out",0 days 00:01:42.912777,0 days 00:04:26.685920,0 days 00:01:34.213137,0,0,0,0,0,0,0,3.0,0 days 00:02:25.810939,0 days 00:09:10.172000
151,0e0bb701-cead-4140-ae42-d892f6b0011d,D05-P043,True,"d1.in,d2.out,d3.in,d4.out,d5.in",0 days 00:02:11.176620,0 days 00:07:42.565980,0 days 00:07:06.692279,0 days 00:02:40.125916,0 days 00:01:14.367773,0 days 00:00:10.703296,0,0,0 days 00:00:58.485736,0,5.0,0 days 00:03:00.642784,0 days 00:25:37.314000
152,d40809b2-d0ba-4002-9603-b8fe26e2e674,D01-P058,True,"d1.in,d2.out,d3.in",0 days 00:01:59.958628,0 days 00:06:21.052641,0,0 days 00:10:32.756852,0 days 00:08:17.608088,0 days 00:00:12.087272,0 days 00:01:43.772919,0,0,0,3.0,0 days 00:01:41.942268,0 days 00:30:38.686000
153,341b3ad9-ba74-434d-86f4-fbb55bc20273,D02-P050,False,"d1.in,d2.out,d3.in,d4.out,d5.in,d6.out",0 days 00:01:01.900420,0 days 00:01:34.996208,0 days 00:01:03.229943,0 days 00:01:31.864204,0 days 00:00:50.070540,0,0 days 00:01:14.203136,0,0 days 00:00:28.080000,0,0.0,0,0 days 00:09:51.217000
154,40f08145-9538-42e2-95a7-28dca890e3e0,D04-P045,True,"d1.in,d2.out,d3.in,d4.out",0 days 00:03:45.837328,0 days 00:06:40.720785,0,0 days 00:03:49.877192,0,0,0,0,0,0,2.0,0 days 00:01:32.807816,0 days 00:15:17.258074043
155,608b4a3d-2af2-45cf-abfa-aa8a1f478696,D02-P051,False,"d1.in,d2.out,d3.in,d4.out,d5.in,d6.out",0 days 00:00:57.318664,0 days 00:04:35.319180,0 days 00:03:19.477488,0 days 00:05:24.742558,0,0,0,0,0 days 00:01:23.207732,0,3.0,0 days 00:01:18.597620,0 days 00:21:38.321000
156,4efac9f6-0468-40c4-a7c5-4b8e3ae32cec,D03-P060,False,"d1.in,d2.out,d3.in,d4.out,d5.in,d6.out",0 days 00:01:23.744032,0 days 00:01:24.532440,0 days 00:01:53.342288,0,0,0,0 days 00:00:16.773844,0,0,0,2.0,0 days 00:00:55.881520,0 days 00:07:32.102000
157,e3ce28a1-c9a0-452b-8c52-c60d4b2a2df0,D04-P046,False,"d1.in,d2.out,d1.in,d2.out,d3.in,d4.out,d3.in,d4.out,d5.in,d6.out",0 days 00:03:36.484667,0 days 00:03:20.791400,0 days 00:03:52.893988,0 days 00:03:47.368092,0 days 00:04:57.175010,0 days 00:08:20.085420,0 days 00:12:16.451436,0 days 00:15:10.054104,0 days 00:06:10.023244,0,1.0,0 days 00:01:49.850976,0 days 01:26:46.888000
158,b768e32b-35a3-4684-81e7-fb4150f914d8,D05-P044,False,"d1.in,d2.out,d3.in,d4.out,d6.in,d6.out",0 days 00:00:56.918884,0 days 00:01:49.785236,0 days 00:14:41.837628,0 days 00:13:17.184033,0,0,0,0 days 00:03:28.820720,0,0 days 00:05:01.410636,0.0,0,0 days 00:44:37.406000
159,2168a347-7035-4a6e-825d-ddf99fefcd4f,D03-P061,False,"d1.in,d2.out,d3.in,d4.out,d5.in,d6.out",0 days 00:02:17.121184,0 days 00:02:05.972452,0 days 00:04:04.839945,0 days 00:12:23.362080,0 days 00:01:43.998839,0,0,0,0,0,0.0,0,0 days 00:28:43.498000
160,a8374b22-852a-4984-b472-7d4bb6c661b3,D05-P045,False,"d1.in,d2.out,d3.in,d4.out,d6.in,d6.out",0 days 00:01:55.806654,0 days 00:05:22.029216,0 days 00:02:21.388413,0,0 days 00:00:38.924833,0,0,0,0,0,0.0,0,0 days 00:12:24.636000
161,1b823eca-c625-4dfd-9ba5-fb2c18753d10,D03-P062,False,"d1.in,d2.out,d3.in,d4.out,d6.in,d5.out",0 days 00:01:09.619404,0 days 00:04:29.084990,0 days 00:02:24.326497,0,0,0,0 days 00:00:38.914312,0,0,0,0.0,0,0 days 00:12:17.105000
162,0b199013-b146-4cb1-96cf-caef9f9eca08,D03-P063,False,"d1.in,d2.out,d3.in,d4.out",0 days 00:02:12.577692,0 days 00:14:44.684944,0,0,0,0,0,0,0,0 days 00:22:23.337875,0.0,0,0 days 00:45:43.449000
163,4535669f-efed-45b3-8bd3-77458ecc2d5e,D05-P046,False,"d1.in,d2.out,d3.in,d4.out,d5.in,d6.out",0 days 00:02:49.661789,0 days 00:03:21.357300,0 days 00:06:10.169168,0,0,0,0,0 days 00:06:09.717905,0 days 00:03:51.342887,0,0.0,0,0 days 00:28:18.878000
164,921da081-dc67-45aa-a3b8-8bf72e086aad,D02-P052,True,"d1.in,d2.out,d3.in,d4.out,d5.in",0 days 00:02:38.710253,0 days 00:04:45.114756,0 days 00:13:06.851683,0,0,0,0,0,0,0,7.0,0 days 00:02:59.359904,0 days 00:29:40.017000
165,90e99c04-d9fb-4290-9816-d1b2d73dcc40,D01-P059,False,"d3.in,d4.out,d5.in,d6.out",0,0 days 00:01:30.259224,0 days 00:03:52.435323,0,0,0,0,0,0,0,0.0,0,0 days 00:08:33.050000
166,66a2b1ee-4603-4b8b-8e95-44542b35a99e,D03-P064,False,"d1.in,d2.out,d3.in,d4.out,d5.in,d6.out",0 days 00:02:53.245924,0 days 00:24:50.093721,0 days 00:05:44.446656,0,0,0,0,0,0,0,3.0,0 days 00:00:59.956904,0 days 00:35:23.175000
167,f4537b37-06a1-4135-ad59-5c778cbd806c,D01-P060,False,"d1.in,d2.out,d3.in,d4.out,d5.in,d6.out",0 days 00:01:24.953931,0 days 00:03:37.495568,0 days 00:06:26.370916,0,0,0 days 00:12:56.103932,0,0,0,0 days 00:00:08.216920,0.0,0,0 days 00:30:42.480000
168,a4781159-5b47-4150-a825-cfdf3b696c4a,D02-P053,False,"d1.in,d2.out,d3.in,d4.out,d5.in,d6.out",0 days 00:01:43.781513,0 days 00:03:12.822536,0 days 00:09:13.662800,0,0,0,0,0,0,0,2.0,0 days 00:01:42.701644,0 days 00:15:56.533000
169,a8692b4e-97cf-44ba-be19-7d85583586c5,D01-P061,False,"d1.in,d2.out,d3.in,d4.out,d6.in,d6.out",0 days 00:01:54.422885,0 days 00:09:16.884700,0 days 00:20:02.697044,0,0 days 00:00:33.138216,0,0,0,0,0,2.0,0 days 00:00:23.221380,0 days 00:41:16.450257387
170,1f7a516d-aacd-4423-91a2-eb03b0bcefde,D05-P047,False,"d1.in,d2.out,d3.in,d4.out,d5.in,d6.out",0 days 00:02:52.995287,0 days 00:01:59.256804,0 days 00:00:59.871676,0,0,0,0,0,0,0,1.0,0 days 00:00:12.086640,0 days 00:07:38.276000
171,f11963f9-5132-4121-a119-faa1003aa9e4,D02-P054,False,"d1.in,d2.out,d3.in,d4.out,d5.in,d6.out",0 days 00:01:42.226460,0 days 00:01:45.902072,0 days 00:05:10.452920,0,0,0,0,0,0,0,0.0,0,0 days 00:10:48.887000
172,9316ec32-4f3b-40da-bd0d-e1f75782361e,D05-P048,False,"d5.in,d6.out",0,0,0 days 00:07:25.432920,0,0 days 00:00:28.827938,0,0 days 00:07:02.279188,0,0,0,3.0,0 days 00:00:19.918620,0 days 00:21:55.838498120
173,2e2e5491-5ad5-4179-91e2-fc6b037484f1,D02-P055,False,"d1.in,d2.out,d3.in,d4.out,d5.in,d6.out",0 days 00:02:25.533741,0 days 00:07:35.700589,0 days 00:08:45.781996,0,0,0 days 00:16:46.873042,0,0 days 00:11:01.004377,0,0,11.0,0 days 00:03:31.438830,0 days 00:58:22.227000
174,a9ebdb2a-0644-4b04-b91a-88e074416dfc,D04-P047,False,"d1.in,d2.out,d3.in,d4.out,d5.in,d6.out",0 days 00:01:01.076000,0 days 00:01:23.828800,0 days 00:03:12.188209,0,0 days 00:03:39.683309,0,0,0 days 00:02:31.572647,0,0,2.0,0 days 00:00:21.953717,0 days 00:13:52.846000
175,0d3e9933-6ae4-4738-bf05-2f0a3b4b36c6,D01-P062,True,"d1.in,d2.out,d3.in",0 days 00:02:27.441149,0 days 00:06:28.099309,0,0,0,0 days 00:00:57.596692,0 days 00:01:45.795860,0,0,0,4.0,0 days 00:01:22.957615,0 days 00:31:53.164290654
176,b8f5e229-7de4-4d5f-ad6e-e96b7fd304f1,D04-P048,False,"d2.in,d2.out,d3.in,d4.out,d5.in,d6.out",0 days 00:01:34.094284,0 days 00:02:33.301458,0 days 00:05:08.211501,0,0 days 00:03:33.395774,0,0,0 days 00:02:58.419229,0 days 00:00:39.374133,0 days 00:03:23.037599,11.0,0 days 00:02:37.684356,0 days 00:26:24.284000
177,65f21968-8df1-4792-9163-99eea9e9cbf9,D02-P056,False,"d1.in,d2.out,d3.in,d4.out,d5.in,d6.out",0 days 00:00:56.925821,0 days 00:02:57.110698,0 days 00:07:41.791723,0,0,0,0 days 00:00:12.800611,0,0 days 00:00:08.648245,0,0.0,0,0 days 00:13:59.486000
178,713311cb-c13b-4208-b1c0-61f277cc86a2,D04-P049,False,"d1.in,d2.out,d3.in,d4.out,d5.in,d6.out",0 days 00:01:12.850110,0 days 00:02:50.893371,0 days 00:14:02.194698,0 days 00:06:37.586201,0 days 00:01:58.471804,0,0,0,0 days 00:01:29.691720,0,1.0,0 days 00:00:10.074199,0 days 00:29:46.452000
179,14a322eb-4198-49a2-b3ed-2f3bb53f6ae0,D02-P057,False,"d1.in,d2.out,d3.in,d4.out,d5.in,d6.out",0 days 00:00:37.898119,0 days 00:00:30.816120,0 days 00:00:50.156465,0,0,0,0,0,0,0,3.0,0 days 00:01:09.778466,0 days 00:04:13.269000
180,16bb75cb-779b-4f27-bf59-2b0774e8df6b,D05-P049,False,"d1.in,d2.out,d3.in,d4.out,d5.in,d6.out",0 days 00:01:26.700679,0 days 00:03:11.856063,0 days 00:01:20.735154,0,0,0,0,0,0,0,0.0,0,0 days 00:07:08.867000
181,40548af0-64d4-4e4c-baa8-f0f8c76ac823,D03-P066,False,"d1.in,d2.out,d3.in,d4.out,d5.in,d6.out",0 days 00:00:45.125706,0 days 00:02:36.094654,0 days 00:10:00.068901,0,0,0,0,0,0,0,7.0,0 days 00:01:16.566664,0 days 00:14:49.640000
182,a338fabd-600c-4be0-88a4-a00b19e3b487,D01-P063,False,"d1.in,d2.out,d3.in,d4.out,d5.in,d6.out",0 days 00:02:34.221634,0 days 00:06:29.211382,0 days 00:05:54.007669,0,0 days 00:01:27.880332,0,0,0,0,0 days 00:00:36.403802,5.0,0 days 00:00:39.228483,0 days 00:21:48.761000
183,8de10704-68d9-4bdd-957c-42a60fdbf562,D05-P050,False,"d1.in,d2.out,d3.in,d4.out,d5.in,d6.out",0 days 00:01:39.680266,0 days 00:04:44.624897,0 days 00:19:22.228321,0,0,0 days 00:00:43.987281,0,0,0,0,1.0,0 days 00:00:19.674168,0 days 00:28:17.680000
184,6c8a0694-0c8f-4ae3-978e-e3657f3f4fd1,D02-P058,False,"d1.in,d2.out,d3.in,d4.out,d6.in,d6.out",0 days 00:01:32.709210,0 days 00:05:25.574839,0 days 00:08:34.656428,0,0,0 days 00:00:22.348659,0 days 00:05:13.520172,0,0,0 days 00:00:06.801104,0.0,0,0 days 00:23:08.901000
185,adb20035-13c3-41f1-b08d-07c0f338a2a6,D01-P064,False,"d1.in,d2.out,d3.in,d4.out,d6.in,d6.out",0 days 00:01:08.544715,0 days 00:05:27.599071,0 days 00:06:14.862188,0 days 00:02:01.244742,0 days 00:00:32.971770,0,0,0,0,0 days 00:00:35.825918,4.0,0 days 00:01:54.531953,0 days 00:18:21.111000
