recording id,ID,has_corruption,door_sequence,matter_duration,life_duration,thought_duration,p1_duration,p2_duration,p3_duration,p4_duration,p5_duration,p6_duration,p7_duration,phone_pickups,phone_duration,overall_duration,weekday,overall_panel_duration,number_of_panels,matter_panel_num,life_panel_num,thought_panel_num,matter_panel_duration,life_panel_duration,thought_panel_duration,p1_percentage,p2_percentage,p3_percentage,p4_percentage,p5_percentage,p6_percentage,p7_percentage,matter_panel_percentage,life_panel_percentage,thought_panel_percentage,overall_panel_percentage,interactive_panel_duration,noninteractive_panel_duration,interactive_panel_percentage,noninteractive_panel_percentage
0ca2b022-aee7-4299-a2a1-f70663e48628,D03-P011,False,"d1.in,d2.out,d3.in,d4.out,d6.in,d6.out",1.6388141833333334,3.040312483333333,7.711362583333334,0.0,0.0,0.0,1.524076083333333,0.8168479000000001,0.0,0.0,5.0,2.4487126166666666,17.31383333333333,Tuesday,2.340923983333333,2,0,2,0,0.0,2.340923983333333,0.0,0.0,0.0,0.0,0.08802649615432746,0.04717891666586449,0.0,0.0,0.0,0.13520541282019194,0.0,0.13520541282019194,0.8168479000000001,1.524076083333333,0.04717891666586449,0.08802649615432746
5459d7cb-ad76-41b5-8547-78d0993ce78b,D03-P012,False,"d1.in,d2.out,d3.in,d4.out,d5.in,d6.out",2.7268766,6.5740810666666665,2.2053690833333333,0.0,0.0,0.0,0.0,0.0,0.0,0.0,8.0,1.5495806666666667,16.004833333333334,Tuesday,0.0,0,0,0,0,0.0,0.0,0.0,0.0,0.0,0.0,0.0,0.0,0.0,0.0,0.0,0.0,0.0,0.0,0.0,0.0,0.0,0.0
b726709d-b664-48c0-8161-0b5b8533d84b,D05-P013,False,"d1.in,d2.out,d3.in,d4.out,d6.in,d5.out",1.4132688,5.4715368,5.203532133333334,0.6030500666666666,0.0,0.0,0.9204372,0.0,0.0,0.0,0.0,0.0,17.079666666666665,Tuesday,1.5234872666666668,2,0,1,0,0.0,0.9204372,0.0,0.03530807002478581,0.0,0.0,0.05389081754132595,0.0,0.0,0.0,0.0,0.05389081754132595,0.0,0.08919888756611177,0.6030500666666666,0.9204372,0.03530807002478581,0.05389081754132595
f40c32e2-0a77-4196-9936-64710274c8df,D03-P013,False,"d1.in,d2.out,d3.in,d4.out,d6.in,d6.out",3.728501866666667,7.709593933333333,7.842088733333333,0.0,1.0150875333333331,0.0,0.6534067333333333,0.0,0.0,0.0,5.0,9.362381466666667,25.94073333333333,Tuesday,1.668494266666667,2,1,1,0,1.0150875333333331,0.6534067333333333,0.0,0.0,0.03913102687921955,0.0,0.02518844494244573,0.0,0.0,0.0,0.03913102687921955,0.02518844494244573,0.0,0.0643194718216653,0.0,1.6684942666666664,0.0,0.06431947182166528
a8cceb5f-cd37-457a-999f-cf413d506956,D05-P014,False,"d1.in,d2.out,d3.in,d4.out,d5.in,d6.out",2.432315066666667,4.601009133333333,3.5616097,0.0,0.0,0.0,0.0,0.0,0.0,0.0,4.0,2.1437362666666666,11.662333333333333,Tuesday,0.0,0,0,0,0,0.0,0.0,0.0,0.0,0.0,0.0,0.0,0.0,0.0,0.0,0.0,0.0,0.0,0.0,0.0,0.0,0.0,0.0
46769913-7db3-4ef7-8a61-2c1af05f682d,D01-P012,False,"d1.in,d2.out,d3.in,d4.out,d3.in,d4.out,d5.in,d6.out",1.8721896666666664,4.930961833333333,3.5795664,0.0,0.0,0.0,0.0,2.4138635333333336,0.0,0.0,2.0,2.2146058,22.97053333333333,Tuesday,2.4138635333333336,1,0,1,0,0.0,2.4138635333333336,0.0,0.0,0.0,0.0,0.0,0.1050852193244679,0.0,0.0,0.0,0.1050852193244679,0.0,0.1050852193244679,2.4138635333333336,0.0,0.1050852193244679,0.0
99676722-0eca-488c-a35f-c755d50ab75c,D05-P015,False,"d4.in,d4.out,d6.in,d6.out",0.0,3.530503533333333,9.0820156,0.0,0.0,2.5620006,0.0,0.0,0.0,0.3109229666666666,8.0,6.861915533333333,20.9261,Tuesday,2.8729235666666666,2,1,0,1,2.5620006,0.0,0.3109229666666666,0.0,0.0,0.12243086862817247,0.0,0.0,0.0,0.014858142065012904,0.12243086862817247,0.0,0.014858142065012904,0.13728901069318536,2.8729235666666666,0.0,0.13728901069318536,0.0
500ce1f3-f703-4036-b857-fc8a18dfe870,D03-P014,False,"d1.in,d2.out,d3.in,d4.out,d5.in,d6.out",3.389593966666667,3.087637066666667,9.706229533333332,0.0,0.0,0.0,0.0,0.0,0.0,0.0,2.0,9.1102298,18.592433333333336,Tuesday,0.0,0,0,0,0,0.0,0.0,0.0,0.0,0.0,0.0,0.0,0.0,0.0,0.0,0.0,0.0,0.0,0.0,0.0,0.0,0.0,0.0
6d8083ee-e818-49dd-8342-658a3b410dcc,D01-P013,False,"d1.in,d2.out,d3.in,d4.out",1.705875,2.0640556666666665,0.0,0.563942,0.0,0.0,0.0,0.0,0.0,0.0,1.0,1.8072007333333333,8.444433333333333,Tuesday,0.563942,1,0,0,0,0.0,0.0,0.0,0.06678269313512256,0.0,0.0,0.0,0.0,0.0,0.0,0.0,0.0,0.0,0.06678269313512256,0.563942,0.0,0.06678269313512256,0.0
dd67f850-5aab-4ef3-b947-3ceceb27fb55,D01-P014,True,"d1.in,d2.out",0.7136440000000001,0.0,0.0,16.968516400000002,0.2882825333333333,7.880561333333333,0.2050157333333333,0.0,0.0,8.002198233333333,3.0,0.170669,41.87641666666666,Tuesday,33.34457423333333,5,2,1,1,8.168843866666666,0.2050157333333333,8.002198233333333,0.405204593675438,0.006884126109166457,0.18818614295635772,0.004895732482682179,0.0,0.0,0.19109080648017882,0.1950702690655242,0.004895732482682179,0.19109080648017882,0.7962614017038231,32.85127596666667,0.49329826666666665,0.7844815431119746,0.011779858591848637
6dfd3c28-32c7-4ff2-9115-dc4a8e62f658,D02-P016,False,"d3.in,d3.out,d2.in,d2.out,d6.in,d5.out",2.4810784666666668,3.066362266666667,5.437190133333333,0.0,0.0,1.6992262666666669,0.0,2.927549,0.0,0.0,5.0,11.802042666666669,47.49635,Tuesday,4.626775266666667,2,1,1,0,1.6992262666666669,2.927549,0.0,0.0,0.0,0.03577593365946366,0.0,0.0616373468698121,0.0,0.0,0.03577593365946366,0.0616373468698121,0.0,0.09741328052927577,4.626775266666667,0.0,0.09741328052927577,0.0
986ba578-794c-4d6b-8db5-9a587b0ff459,D03-P015,False,"d1.in,d2.out,d3.in,d4.out,d6.in,d6.out",2.197267533333333,3.1715399333333334,5.735773366666667,0.0,0.0,0.0,0.0,0.0,1.0093086666666666,0.0,3.0,1.4308961666666666,13.718266666666668,Tuesday,1.0093086666666666,1,0,0,1,0.0,0.0,1.0093086666666666,0.0,0.0,0.0,0.0,0.0,0.07357406669452894,0.0,0.0,0.0,0.07357406669452894,0.07357406669452894,0.0,1.0093086666666666,0.0,0.07357406669452894
1ee607f1-ad5a-44bb-8062-5680cbb17bb0,D05-P016,False,"d1.in,d2.out,d3.in,d4.out,d6.in,d6.out",2.665562533333333,1.6501141333333331,2.1949664666666666,0.0,0.0,0.0,0.0,0.0,0.0,0.0,1.0,0.2398342666666666,7.9871,Tuesday,0.0,0,0,0,0,0.0,0.0,0.0,0.0,0.0,0.0,0.0,0.0,0.0,0.0,0.0,0.0,0.0,0.0,0.0,0.0,0.0,0.0
be25d1bf-9a3c-4a67-b916-640db830410a,D05-P019,False,"d1.in,d2.out,d3.in,d4.out,d5.in,d6.out,d1.in,d2.out,d3.in,d3.out,d6.in,d6.out",1.9401082,0.3057190666666666,15.39030405,0.0,0.0,1.0993238666666667,0.4161187333333333,6.508224616666666,0.0,1.3236361333333333,0.0,0.0,33.10165,Tuesday,9.34730335,4,1,2,1,1.0993238666666667,6.92434335,1.3236361333333333,0.0,0.0,0.0332105458992729,0.012570936292702428,0.1966132992363422,0.0,0.03998701373899287,0.0332105458992729,0.20918423552904464,0.03998701373899287,0.28238179516731043,8.931184616666666,0.4161187333333333,0.26981085887460793,0.012570936292702428
ae68105b-8d77-4cbd-858a-1703f291184f,D05-P018,False,"d1.in,d2.out,d3.in,d4.out,d5.in,d6.out",1.1984974000000002,1.6251523333333333,0.5701698000000001,0.1905990666666666,0.0,0.0,0.0,0.0,0.0,0.0,4.0,2.700296933333333,5.1994,Tuesday,0.1905990666666666,1,0,0,0,0.0,0.0,0.0,0.03665789642394634,0.0,0.0,0.0,0.0,0.0,0.0,0.0,0.0,0.0,0.03665789642394634,0.1905990666666666,0.0,0.03665789642394634,0.0
fe1ee46b-3fbf-4146-8547-51d3c7626676,D05-P021,False,"d1.in,d2.out,d2.in,d2.out,d3.in,d4.out,d5.in,d6.out",1.75135365,2.155220866666667,2.0608486666666668,0.0,0.2706617166666666,0.0,0.0,0.0,0.0,0.0,0.0,0.0,9.723833333333332,Tuesday,0.2706617166666666,1,1,0,0,0.2706617166666666,0.0,0.0,0.0,0.027834878220180655,0.0,0.0,0.0,0.0,0.0,0.027834878220180655,0.0,0.0,0.027834878220180655,0.0,0.2706617166666666,0.0,0.027834878220180655
c6a518de-32b2-4751-89ec-96f680922133,D05-P023,False,"d1.in,d2.out,d3.in,d4.out,d6.in,d5.out",0.7761795166666666,0.7469992166666667,1.5249270499999998,0.0,0.0,0.0,0.0,0.0,0.0,0.0,3.0,0.7092272833333334,4.95635,Tuesday,0.0,0,0,0,0,0.0,0.0,0.0,0.0,0.0,0.0,0.0,0.0,0.0,0.0,0.0,0.0,0.0,0.0,0.0,0.0,0.0,0.0
4780d6a4-c49f-459e-8e2c-d61768237f80,D01-P015,False,"d1.in,d2.out,d3.in,d4.out,d5.in,d6.out",1.1706929333333334,4.8446454,1.934108333333333,0.0,1.1806352,0.0,1.0410269666666667,0.0,0.0,0.0,5.0,1.6809563333333335,13.921133333333334,Tuesday,2.221662166666667,2,1,1,0,1.1806352,1.0410269666666667,0.0,0.0,0.08480884219196713,0.0,0.07478033158219877,0.0,0.0,0.0,0.08480884219196713,0.07478033158219877,0.0,0.15958917377416593,0.0,2.2216621666666665,0.0,0.15958917377416587
15f67a06-5dbd-4555-ac93-d73874022f86,D04-P022,False,"d1.in,d2.out,d3.in,d4.out,d6.in,d6.out",1.3868788,1.5660883666666665,2.9407357333333333,0.0,1.6585098666666669,0.0,0.0,0.0,0.0,0.0,0.0,0.0,9.709716666666669,Tuesday,1.6585098666666669,1,1,0,0,1.6585098666666669,0.0,0.0,0.0,0.1708092958428241,0.0,0.0,0.0,0.0,0.0,0.1708092958428241,0.0,0.0,0.1708092958428241,0.0,1.6585098666666669,0.0,0.1708092958428241
dd37946d-ffa5-4d92-b20d-33a603f3606c,D03-P026,False,"d1.in,d2.out,d3.in,d4.out,d6.in,d6.out",1.3349828666666668,2.4403539333333333,6.1762142,0.2169207166666666,2.188135866666667,0.0,1.8760451333333328,0.0,0.0,0.0,0.0,0.0,16.345866666666666,Tuesday,4.281101716666667,3,1,1,0,2.188135866666667,1.8760451333333328,0.0,0.013270676990717323,0.13386478131066776,0.0,0.1147718363052025,0.0,0.0,0.0,0.13386478131066776,0.1147718363052025,0.0,0.2619072946065876,0.2169207166666666,4.064181,0.013270676990717323,0.24863661761587025
c70fb6dc-c076-4a85-821c-2f1e2b637414,D04-P024,False,"d1.in,d2.out,d3.in,d4.out,d6.in,d6.out",4.062482999999999,7.863649066666666,8.071793533333333,9.283805933333332,2.0729213333333334,0.0,0.0,0.0,0.0,0.0,0.0,0.0,33.39941666666667,Tuesday,11.356727266666669,2,1,0,0,2.0729213333333334,0.0,0.0,0.2779631161222875,0.06206459693657324,0.0,0.0,0.0,0.0,0.0,0.06206459693657324,0.0,0.0,0.34002771305886087,9.283805933333332,2.0729213333333334,0.2779631161222875,0.06206459693657324
0dc1c834-75f3-487c-9f47-db217b57f749,D01-P028,True,"d1.in,d2.out,d3.in,d4.out",2.1717003333333333,2.849197666666667,0.0,1.555814866666667,12.358448933333332,0.1372902666666666,13.537382266666668,0.0,0.0,0.0,1.0,0.9161443333333332,44.5581,Tuesday,27.588936333333333,4,2,1,0,12.4957392,13.537382266666668,0.0,0.03491654416742785,0.2773558327965809,0.003081151724751877,0.3038141722081208,0.0,0.0,0.0,0.2804369845213328,0.3038141722081208,0.0,0.6191677008968814,1.6931051333333336,25.8958312,0.037997695892179724,0.5811700050047017
ed0ee5c0-07c3-40f6-87e1-7815c9ad2340,D03-P027,True,"d1.in,d2.out,d3.in,d4.out,d5.in",1.8824284666666664,9.438106,4.1454516,0.0,0.0,0.0,0.9173932,0.0,0.0,0.0,4.0,1.5802261999999998,22.173350000000003,Tuesday,0.9173932,1,0,1,0,0.0,0.9173932,0.0,0.0,0.0,0.0,0.04137368507690538,0.0,0.0,0.0,0.0,0.04137368507690538,0.0,0.04137368507690538,0.0,0.9173932,0.0,0.04137368507690538
adfa4034-99d1-44ae-9f75-ada801a5beb6,D02-P017,False,"d1.in,d2.out,d3.in,d4.out,d4.in,d4.out,d5.in,d6.out",2.6931555833333336,1.573219733333333,5.34419865,0.0,0.0,0.0,0.0,0.0,0.0,0.0,7.0,2.846128,14.579116666666666,Tuesday,0.0,0,0,0,0,0.0,0.0,0.0,0.0,0.0,0.0,0.0,0.0,0.0,0.0,0.0,0.0,0.0,0.0,0.0,0.0,0.0,0.0
ea6ffaa9-af67-445a-9e6a-c38a1f835977,D03-P029,False,"d1.in,d2.out,d3.in,d4.out,d5.in,d6.out",3.0259880666666663,5.565348999999999,6.634197866666667,0.0,0.8472356666666666,4.595258599999999,0.0,0.0,0.0,0.0,0.0,0.0,23.615866666666665,Tuesday,5.442494266666667,2,2,0,0,5.442494266666667,0.0,0.0,0.0,0.03587569656558585,0.19458352576516352,0.0,0.0,0.0,0.0,0.23045922233074942,0.0,0.0,0.23045922233074942,4.595258599999999,0.8472356666666666,0.19458352576516352,0.03587569656558585
93dcfb00-3142-442e-adbe-0cfa02fe0650,D02-P018,True,d1.in,2.3073742,0.0,0.0,0.0,0.0,0.0,0.0,0.0,0.0,0.0,1.0,1.8658496,8.26635,Tuesday,0.0,0,0,0,0,0.0,0.0,0.0,0.0,0.0,0.0,0.0,0.0,0.0,0.0,0.0,0.0,0.0,0.0,0.0,0.0,0.0,0.0
1f0bf2f2-a924-448c-845e-d134636dc59b,D05-P024,False,"d1.in,d2.out,d3.in,d4.out,d5.in,d6.out",7.995881666666666,7.60633,6.300477133333334,11.630572,0.0,0.0,0.1681471333333333,0.0,0.0,0.0,11.0,5.528529066666667,42.39951666666666,Tuesday,11.798719133333332,2,0,1,0,0.0,0.1681471333333333,0.0,0.274309070347107,0.0,0.0,0.003965779484121477,0.0,0.0,0.0,0.0,0.003965779484121477,0.0,0.2782748498312284,11.630572,0.1681471333333333,0.274309070347107,0.003965779484121477
2ed6ac32-baed-48e9-a93c-bd772b23a978,D04-P025,True,"d1.in,d2.out,d3.in,d4.out,d6.in",2.6587718,16.663710133333332,7.439723283333333,2.0322709333333333,3.906639466666667,0.0,4.989476466666667,9.65711425,0.0,0.0,11.0,3.3033401333333337,49.1146,Tuesday,20.585501116666663,4,1,2,0,3.906639466666667,14.646590716666667,0.0,0.04137814281971824,0.07954130679404223,0.0,0.10158845774304721,0.19662410464505461,0.0,0.0,0.07954130679404223,0.29821256238810184,0.0,0.41913201200186223,11.689385183333332,8.896115933333334,0.23800224746477283,0.18112976453708945
d134560b-a224-47df-be45-00bf7c644569,D02-P019,False,"d3.in,d4.out,d5.in,d6.out",0.0,7.259575533333333,2.4735966,1.3605318666666666,0.0,0.0,1.8452718,7.449306533333333,0.0,0.0,3.0,2.6902044666666667,23.40713333333333,Wednesday,10.6551102,3,0,2,0,0.0,9.294578333333334,0.0,0.05812466854833427,0.0,0.0,0.07883373729375946,0.31824941684443775,0.0,0.0,0.0,0.3970831541381973,0.0,0.4552078226865315,8.8098384,1.8452718,0.37637408539277206,0.07883373729375946
ac594c23-59c2-43e0-a373-a68969d189a8,D05-P025,False,"d3.in,d4.out,d5.in,d6.out",0.0,7.285590733333334,2.5080486,0.6385523333333333,0.0,0.0,1.8194454666666668,1.4655026,0.0,0.0,6.0,3.012665333333333,31.5671,Wednesday,3.9235004,3,0,2,0,0.0,3.2849480666666664,0.0,0.020228412915134216,0.0,0.0,0.05763739674112183,0.04642499944562535,0.0,0.0,0.0,0.10406239618674716,0.0,0.1242908091018814,2.1040549333333334,1.8194454666666668,0.06665341236075957,0.05763739674112183
7634cb54-a102-4c76-81cb-cbcd443fb926,D03-P030,False,"d3.in,d4.out,d1.in,d2.out,d5.in,d6.out",1.3814650666666668,1.5718792,5.119243933333333,0.0,0.0,2.7247154666666664,3.8260826666666654,0.0,0.0,0.7898876666666667,3.0,0.5739826,20.8597,Wednesday,7.3406858,3,1,1,1,2.7247154666666664,3.8260826666666654,0.7898876666666667,0.0,0.0,0.1306210284264235,0.1834198318607969,0.0,0.0,0.03786668392482474,0.1306210284264235,0.1834198318607969,0.03786668392482474,0.35190754421204523,3.514603133333333,3.8260826666666654,0.16848771235124824,0.1834198318607969
f5243a08-3764-447b-a506-3aa085248bda,D01-P029,False,"d3.in,d4.out,d5.in,d6.out",0.0,4.238403066666667,2.7708954,0.0,0.0,0.0,0.0,0.0,0.0,0.0,0.0,0.0,10.620066666666666,Wednesday,0.0,0,0,0,0,0.0,0.0,0.0,0.0,0.0,0.0,0.0,0.0,0.0,0.0,0.0,0.0,0.0,0.0,0.0,0.0,0.0,0.0
9410ddf2-831f-4b9b-aa49-e8a6ed238085,D01-P030,True,d1.in,0.2794624,0.0,0.0,1.27605265,3.9734554666666666,0.0,0.0,0.0,0.0,0.0,0.0,0.0,21.2310629567,Wednesday,5.249508116666666,2,1,0,0,3.9734554666666666,0.0,0.0,0.06010309764529756,0.18715292186596535,0.0,0.0,0.0,0.0,0.0,0.18715292186596535,0.0,0.0,0.2472560195112629,1.27605265,3.9734554666666666,0.06010309764529756,0.18715292186596535
e401652f-f4eb-4a12-aeb2-9ba8019a3bc3,D02-P020,False,"d1.in,d2.out,d3.in,d4.out,d5.in,d6.out",3.754075066666666,4.1894267166666666,9.034119,0.8186666666666667,4.060361133333333,0.0,3.4048392,0.0,2.5604541333333333,1.8018057333333333,2.0,0.737003,32.48441666666667,Wednesday,12.646126866666666,5,1,1,2,4.060361133333333,3.4048392,4.362259866666666,0.02520182754295008,0.12499412179686156,0.0,0.10481454030522327,0.0,0.07882099776046463,0.05546677201632577,0.12499412179686156,0.10481454030522327,0.13428776977679038,0.38929825942182533,2.6204723999999997,10.025654466666667,0.08066859955927584,0.3086296598625495
2aa9e6f7-d4c9-4b12-8d72-2f6f99eb8f72,D05-P026,False,"d3.in,d4.out,d1.in,d2.out",1.335196,0.5410862666666667,0.0,2.3275322666666667,0.0,0.0,0.0,0.0,0.0,0.0,0.0,0.0,7.49885,Wednesday,2.3275322666666667,1,0,0,0,0.0,0.0,0.0,0.31038522795717566,0.0,0.0,0.0,0.0,0.0,0.0,0.0,0.0,0.0,0.31038522795717566,2.3275322666666667,0.0,0.31038522795717566,0.0
19ea8fea-94f4-44b0-a845-a223f5d0e1ca,D05-P027,False,"d1.in,d2.out,d3.in,d4.out",1.7674995333333332,3.2291000666666667,0.0,0.0,0.0,0.0,0.0,1.2475428000000002,0.0,1.3988977333333332,3.0,1.2659406666666666,12.803116666666666,Wednesday,2.646440533333333,2,0,1,1,0.0,1.2475428000000002,1.3988977333333332,0.0,0.0,0.0,0.0,0.09744055548974405,0.0,0.10926228118934582,0.0,0.09744055548974405,0.10926228118934582,0.20670283667908987,2.646440533333333,0.0,0.20670283667908987,0.0
4f401b71-5321-40db-b39b-49223b984f70,D04-P027,False,"d1.in,d2.out,d3.in,d4.out,d6.in,d5.out",2.505506,1.6682386,4.186879133333333,2.938923733333333,0.0,0.3233088,0.7574694,0.0,1.386009,0.0,2.0,1.6644006,17.670466666666666,Wednesday,5.405710933333333,4,1,1,1,0.3233088,0.7574694,1.386009,0.16631839943861132,0.0,0.01829656262615211,0.0428664060937836,0.0,0.0784364683822725,0.0,0.01829656262615211,0.0428664060937836,0.0784364683822725,0.30591783654081955,3.262232533333333,2.1434784000000002,0.1846149620647634,0.12130287447605612
4cacf777-3b49-478f-96d2-52995e71b599,D02-P021,False,"d1.in,d2.out,d3.in,d4.out,d4.in,d4.out",2.023483383333333,1.4496626666666663,0.0,0.0,0.0,0.0,0.0,0.0,0.0,0.0,3.0,0.7820965333333334,9.705516666666666,Wednesday,0.0,0,0,0,0,0.0,0.0,0.0,0.0,0.0,0.0,0.0,0.0,0.0,0.0,0.0,0.0,0.0,0.0,0.0,0.0,0.0,0.0
0c08aa2b-acc1-4bba-9fae-fc127695a1ee,D01-P031,False,"d1.in,d2.out,d3.in,d4.out,d6.in,d5.out",1.8266265333333327,3.4101048,3.2281985333333334,0.8015888,0.0,0.0,0.0,0.0,0.0,0.0,2.0,0.7404267333333333,12.663716666666666,Wednesday,0.8015888,1,0,0,0,0.0,0.0,0.0,0.06329806810270287,0.0,0.0,0.0,0.0,0.0,0.0,0.0,0.0,0.0,0.06329806810270287,0.8015888,0.0,0.06329806810270287,0.0
a9041d29-fc44-4600-8a21-904325b3cbbf,D02-P022,True,,0.0,0.0,0.0,0.0,0.0,0.0,0.0,0.0,0.0,0.0,1.0,1.2845554666666668,33.06785,Wednesday,0.0,0,0,0,0,0.0,0.0,0.0,0.0,0.0,0.0,0.0,0.0,0.0,0.0,0.0,0.0,0.0,0.0,0.0,0.0,0.0,0.0
8fc2e0d7-7284-4471-8958-4b1bb65b449a,D01-P032,False,"d1.in,d2.out,d3.in,d4.out,d5.in,d6.out",2.0566584666666667,1.62828,1.8306769333333333,0.0,0.0,0.0,0.0,0.0,0.0,0.0,0.0,0.0,9.03715,Wednesday,0.0,0,0,0,0,0.0,0.0,0.0,0.0,0.0,0.0,0.0,0.0,0.0,0.0,0.0,0.0,0.0,0.0,0.0,0.0,0.0,0.0
176f80b9-653d-4166-979b-e7f5a1440a3b,D01-P033,False,"d1.in,d2.out,d3.in,d4.out,d5.in,d6.out",2.044667733333333,1.8513997333333327,1.687980466666667,0.0,0.0,0.0,0.0,0.0,0.0,0.0,1.0,0.3957637333333333,7.486083333333334,Wednesday,0.0,0,0,0,0,0.0,0.0,0.0,0.0,0.0,0.0,0.0,0.0,0.0,0.0,0.0,0.0,0.0,0.0,0.0,0.0,0.0,0.0
de2429fb-5311-4623-b50d-d1d25fd6df92,D03-P033,True,,0.0,0.0,0.0,0.0,0.0,0.0,0.0,0.0,0.0,0.0,0.0,0.0,7.4742,Wednesday,0.0,0,0,0,0,0.0,0.0,0.0,0.0,0.0,0.0,0.0,0.0,0.0,0.0,0.0,0.0,0.0,0.0,0.0,0.0,0.0,0.0
c510ffb5-ebc2-469a-8752-7304b89fb2ad,D02-P023,False,"d1.in,d1.out,d3.in,d4.out",3.742389866666667,6.144992383333333,0.0,14.073296933333332,8.800127583333333,0.0,0.0,0.0,0.0,0.0,2.0,0.1752993333333333,36.72953819711667,Wednesday,22.873424516666667,2,1,0,0,8.800127583333333,0.0,0.0,0.383160192698478,0.2395926552657871,0.0,0.0,0.0,0.0,0.0,0.2395926552657871,0.0,0.0,0.6227528479642652,14.073296933333332,8.800127583333333,0.383160192698478,0.2395926552657871
586a925e-f34f-4e88-a3fd-22d78e1b050c,D03-P034,True,"d1.in,d2.out",0.8721923333333332,0.0,0.0,0.0,0.0,0.0,0.0,0.0,0.0,0.0,0.0,0.0,5.8228,Wednesday,0.0,0,0,0,0,0.0,0.0,0.0,0.0,0.0,0.0,0.0,0.0,0.0,0.0,0.0,0.0,0.0,0.0,0.0,0.0,0.0,0.0
9ad16172-1982-4440-be93-46e954d4f1f3,D04-P028,False,"d1.in,d2.out,d3.in,d4.out,d6.in,d6.out",0.9036474,3.0061616,1.9512520666666664,0.0,0.0,0.0,0.0,2.6859774666666665,0.0,0.0,4.0,1.6085778,9.76855,Wednesday,2.6859774666666665,1,0,1,0,0.0,2.6859774666666665,0.0,0.0,0.0,0.0,0.0,0.2749617360474857,0.0,0.0,0.0,0.2749617360474857,0.0,0.2749617360474857,2.6859774666666665,0.0,0.2749617360474857,0.0
34b7d65a-a8a8-405f-a18b-8fd17b5d947d,D03-P035,True,"d1.in,d2.out,d3.in",1.0044948666666669,1.4882892,0.0,0.0,0.0,0.0,0.0,0.0,0.0,0.0,1.0,0.058694,11.964583333333334,Wednesday,0.0,0,0,0,0,0.0,0.0,0.0,0.0,0.0,0.0,0.0,0.0,0.0,0.0,0.0,0.0,0.0,0.0,0.0,0.0,0.0,0.0
83dc4e17-3461-4273-852f-8cfcf91471cf,D03-P036,True,"d1.in,d2.out,d3.in,d4.out,d5.in",1.9633564,1.8437168666666668,3.4134925666666667,0.0,0.0,0.0,2.101506266666666,0.0,0.0,0.0,3.0,0.75071155,15.418666666666669,Wednesday,2.101506266666666,1,0,1,0,0.0,2.101506266666666,0.0,0.0,0.0,0.0,0.13629623832583876,0.0,0.0,0.0,0.0,0.13629623832583876,0.0,0.13629623832583876,0.0,2.101506266666666,0.0,0.13629623832583876
73559f2e-fe2d-4680-a943-ba14d3e1b54d,D04-P029,True,"d1.in,d2.out,d3.in,d4.out,d5.in",3.8800676,5.055616583333333,2.6786030666666667,20.51690733333333,5.1242256,0.1983739333333333,1.2304057333333334,0.0,1.5521536,0.0,0.0,0.0,44.90954960449999,Wednesday,28.6220662,5,2,1,1,5.322599533333333,1.2304057333333334,1.5521536,0.4568495456760829,0.11410102406118422,0.004417188216767509,0.02739741868197327,0.0,0.03456177168707281,0.0,0.11851821227795173,0.02739741868197327,0.03456177168707281,0.6373269483230808,20.71528126666666,7.906784933333334,0.46126673389285033,0.17606021443023032
7758cc7e-e176-449d-96a0-a1de7b0291cb,D03-P037,True,,0.0,0.0,0.0,0.0,0.0,0.0,0.0,3.343168866666667,0.0,0.0,0.0,0.0,27.612866666666665,Wednesday,3.343168866666667,1,0,1,0,0.0,3.343168866666667,0.0,0.0,0.0,0.0,0.0,0.12107286458245312,0.0,0.0,0.0,0.12107286458245312,0.0,0.12107286458245312,3.343168866666667,0.0,0.12107286458245312,0.0
a0790eb7-281f-424e-8bfb-e6ff50652111,D03-P038,True,"d1.in,d2.out,d3.in",1.6940494,0.3215425333333333,0.0,13.7470368,0.7782764666666666,0.0,5.1582624,0.0,0.0,0.0,0.0,0.0,27.48806666666667,Wednesday,19.683575666666663,3,1,1,0,0.7782764666666666,5.1582624,0.0,0.5001092643838174,0.028313248658205618,0.0,0.18765460890907812,0.0,0.0,0.0,0.028313248658205618,0.18765460890907812,0.0,0.716077121951101,13.7470368,5.936538866666666,0.5001092643838174,0.2159678575672837
46f7febe-d6e4-4c3e-b8ac-ff51ceda6811,D01-P035,False,"d1.in,d2.out,d3.in,d4.out,d6.in,d5.out",3.16690165,3.0654611333333337,2.036060266666667,0.0,0.8308357999999999,0.0,0.0,0.8505674,0.0,0.0,2.0,1.6601714666666667,13.979183333333332,Wednesday,1.6814032,2,1,1,0,0.8308357999999999,0.8505674,0.0,0.0,0.059433786666126184,0.0,0.0,0.06084528543036015,0.0,0.0,0.059433786666126184,0.06084528543036015,0.0,0.12027907209648635,0.8505674,0.8308357999999999,0.06084528543036015,0.059433786666126184
763c9744-7259-4ee2-be90-3a9d2ac28c8a,D04-P030,False,"d1.in,d2.out,d3.in,d4.out,d6.in,d5.out",3.194635733333333,3.0376060666666667,2.0806382666666665,0.0,0.8128376,0.0,0.0,0.8950070666666666,0.0,0.0,2.0,1.809993,13.9491,Wednesday,1.707844666666667,2,1,1,0,0.8128376,0.8950070666666666,0.0,0.0,0.05827168777913988,0.0,0.0,0.06416235217086885,0.0,0.0,0.05827168777913988,0.06416235217086885,0.0,0.12243403995000875,0.8950070666666666,0.8128376,0.06416235217086885,0.05827168777913988
268adea8-87ab-46c3-9771-2f94a0086331,D02-P024,False,"d1.in,d2.out,d3.in,d4.out,d5.in,d6.out",3.589325666666667,0.5532327,10.6628514,0.0,0.0,0.0,0.0,0.0,0.0,0.0,6.0,4.9919622666666665,16.46656666666667,Wednesday,0.0,0,0,0,0,0.0,0.0,0.0,0.0,0.0,0.0,0.0,0.0,0.0,0.0,0.0,0.0,0.0,0.0,0.0,0.0,0.0,0.0
fb5d6b80-0aa9-4b85-85a0-12dfa9d8b684,D01-P036,True,,0.0,0.0,0.0,4.952872666666667,0.0,0.0,0.0,0.0,0.0,0.0,0.0,0.0,8.637031035533333,Wednesday,4.952872666666667,1,0,0,0,0.0,0.0,0.0,0.5734462046379377,0.0,0.0,0.0,0.0,0.0,0.0,0.0,0.0,0.0,0.5734462046379377,4.952872666666667,0.0,0.5734462046379377,0.0
ab10a510-97b7-4f24-8555-ed411e4dab42,D04-P031,True,"d1.in,d2.out",3.3659198666666668,0.0,0.0,10.205133333333333,0.0,0.0,3.532358633333333,0.0,0.0,0.0,3.0,0.7662872666666666,22.735666666666667,Wednesday,13.737491966666664,2,0,1,0,0.0,3.532358633333333,0.0,0.4488600876742856,0.0,0.0,0.15536639787705073,0.0,0.0,0.0,0.0,0.15536639787705073,0.0,0.6042264855513362,10.205133333333333,3.532358633333333,0.4488600876742856,0.15536639787705073
05507e06-d390-4b47-a555-340ba534513e,D03-P039,True,d5.in,0.0,0.0,0.3854151999999999,0.0,3.9217346,0.0,0.0,0.0,2.0433028,0.0,1.0,0.0909857333333333,10.774433333333333,Wednesday,5.9650374,2,1,0,1,3.9217346,0.0,2.0433028,0.0,0.36398523046842374,0.0,0.0,0.0,0.18964364405862028,0.0,0.36398523046842374,0.0,0.18964364405862028,0.553628874527044,0.0,5.9650374,0.0,0.553628874527044
8f6bce0e-5adc-4f16-b8b8-c5d27639a0c7,D03-P041,True,"d1.in,d2.out,d3.in,d4.out",0.437364,0.4841727999999999,0.0,0.0,0.4522056666666667,0.0,0.0,1.1445472666666667,0.0,0.0,0.0,0.0,7.9324,Wednesday,1.5967529333333337,2,1,1,0,0.4522056666666667,1.1445472666666667,0.0,0.0,0.057007421041130886,0.0,0.0,0.14428763888188526,0.0,0.0,0.057007421041130886,0.14428763888188526,0.0,0.2012950599230162,1.1445472666666667,0.4522056666666667,0.14428763888188526,0.057007421041130886
bafc5656-2192-4ece-b6ed-efa08842d1fe,D04-P032,False,"d2.in,d2.out,d3.in,d4.out,d5.in,d6.out",3.4626604666666667,2.3600408666666666,2.9178012666666664,0.0,8.140117,0.0,10.5751504,0.0,0.0,0.4561644666666666,6.0,8.200370466666666,36.96313333333333,Thursday,19.17143186666667,3,1,1,1,8.140117,10.5751504,0.4561644666666666,0.0,0.22022259115839748,0.0,0.28609994462951377,0.0,0.0,0.012341065963022615,0.22022259115839748,0.28609994462951377,0.012341065963022615,0.518663601750934,0.4561644666666666,18.715267400000002,0.012341065963022615,0.5063225357879113
80cb32c9-7d77-4c30-a07d-075bffc58cd9,D02-P026,False,"d1.in,d2.out,d3.in,d4.out,d5.in,d6.out",1.0391052666666667,2.795670133333333,3.143324066666666,6.289374033333333,0.0,0.0,0.0,4.4147984,0.0,0.0,0.0,0.0,22.58795,Thursday,10.704172433333332,2,0,1,0,0.0,4.4147984,0.0,0.278439346347647,0.0,0.0,0.0,0.19544927273169985,0.0,0.0,0.0,0.19544927273169985,0.0,0.4738886190793468,10.704172433333333,0.0,0.4738886190793469,0.0
ea8e5b99-3e50-4927-8c3d-f02a9cf4a0d8,D01-P037,False,"d3.in,d4.out,d5.in,d6.out",0.0,5.9273104,6.347799666666666,0.0,13.431651333333331,0.0,0.0,0.0,0.0,0.0,1.0,0.0712280666666666,26.81505,Thursday,13.431651333333331,1,1,0,0,13.431651333333331,0.0,0.0,0.0,0.5008997310589886,0.0,0.0,0.0,0.0,0.0,0.5008997310589886,0.0,0.0,0.5008997310589886,0.0,13.431651333333331,0.0,0.5008997310589886
72d45240-0106-4b33-af6b-4ec0711a439e,D02-P027,False,"d1.in,d2.out,d3.in,d4.out,d5.in,d6.out",1.697171,1.8096577333333328,8.067134783333334,0.0,0.0,0.0,0.0,0.0,4.0579296,0.5864725333333334,0.0,0.0,19.17206666666667,Thursday,4.644402133333333,2,0,0,2,0.0,0.0,4.644402133333333,0.0,0.0,0.0,0.0,0.0,0.2116584336239181,0.030589948571011296,0.0,0.0,0.2422483821949294,0.2422483821949294,0.5864725333333334,4.0579296,0.030589948571011296,0.2116584336239181
2bde87a5-5f59-4afb-b375-68aa459aea1e,D04-P033,False,"d1.in,d2.out,d3.in,d4.out,d5.in,d6.out",1.9118298,3.442556466666667,6.930026666666667,0.4303176,0.0,0.0,0.0,0.0,0.0,0.0,3.0,1.884532,13.932,Thursday,0.4303176,1,0,0,0,0.0,0.0,0.0,0.030886993970714902,0.0,0.0,0.0,0.0,0.0,0.0,0.0,0.0,0.0,0.030886993970714902,0.4303176,0.0,0.030886993970714902,0.0
30da65cd-b723-443a-99ed-843afe25305d,D01-P038,False,"d1.in,d2.out,d3.in,d4.out,d5.in,d6.out",1.7757797333333334,2.7199014,8.951519,6.195441933333333,0.756738,6.695026,0.0,3.0669344,0.0,0.0,4.0,1.3839071333333337,32.6278,Thursday,16.714140333333333,4,2,1,0,7.451764,3.0669344,0.0,0.18988230690801502,0.02319304396864024,0.20519391439202153,0.0,0.09399758488160403,0.0,0.0,0.22838695836066175,0.09399758488160403,0.0,0.5122668501502808,15.957402333333334,0.756738,0.48907380618164065,0.02319304396864024
7cec8f2a-5be0-460e-8cb0-66625e6edc95,D02-P028,False,"d3.in,d4.out,d5.in,d6.out",0.0,0.9109424666666668,2.1852205333333337,1.5446119333333332,0.0,0.0,0.0,0.0,0.0,5.196891866666666,6.0,2.5652198,16.357033333333334,Thursday,6.7415038,2,0,0,1,0.0,0.0,5.196891866666666,0.09443105616136585,0.0,0.0,0.0,0.0,0.0,0.3177160406023097,0.0,0.0,0.3177160406023097,0.41214709676367556,6.741503799999999,0.0,0.4121470967636755,0.0
19a4313c-ff59-4a8e-bc6f-68d6c49f7772,D04-P034,False,"d1.in,d2.out,d3.in,d4.out,d5.in,d6.out",4.806600866666667,2.490493266666667,3.3662280666666664,0.0,0.0,0.0,0.0,1.8419143333333328,0.0,0.0,1.0,1.2336841333333333,14.16685,Thursday,1.8419143333333328,1,0,1,0,0.0,1.8419143333333328,0.0,0.0,0.0,0.0,0.0,0.13001579979553202,0.0,0.0,0.0,0.13001579979553202,0.0,0.13001579979553202,1.8419143333333328,0.0,0.13001579979553202,0.0
849e25fc-47fe-4698-a79a-74f5ad0fe73e,D04-P035,True,,0.0,0.0,0.0,13.605195133333332,3.1513894,0.0,0.0,0.0,0.0,0.0,0.0,0.0,17.34585,Thursday,16.756584533333335,2,1,0,0,3.1513894,0.0,0.0,0.7843487135731794,0.18167973319266567,0.0,0.0,0.0,0.0,0.0,0.18167973319266567,0.0,0.0,0.9660284467658452,13.605195133333332,3.1513894,0.7843487135731794,0.18167973319266567
d07f6d25-a8b0-45e1-abeb-b7b4da655515,D02-P029,False,"d1.in,d2.out,d3.in,d4.out,d6.in,d5.out",2.118890733333333,5.2657625333333336,6.963208,3.2511102,1.3654062666666666,0.0,0.0,0.0,0.0,0.0,0.0,0.0,21.96356666666667,Thursday,4.616516466666667,2,1,0,0,1.3654062666666666,0.0,0.0,0.14802287120944227,0.06216687332203178,0.0,0.0,0.0,0.0,0.0,0.06216687332203178,0.0,0.0,0.2101897445314741,3.2511102,1.3654062666666666,0.14802287120944227,0.06216687332203178
e0af6ac1-5d5d-4bdd-80bf-09668aadb8bc,D01-P039,False,"d1.in,d2.out,d3.in,d4.out,d6.in,d6.out",1.520908266666667,1.2723783333333332,4.655758333333334,0.0,0.0,0.0,0.0,0.0,0.0,0.0,1.0,0.3174042666666666,10.362316666666668,Thursday,0.0,0,0,0,0,0.0,0.0,0.0,0.0,0.0,0.0,0.0,0.0,0.0,0.0,0.0,0.0,0.0,0.0,0.0,0.0,0.0,0.0
cd374b35-e435-4808-9e8c-be50c4ecb027,D01-P040,False,"d3.in,d4.out,d5.in,d6.out",0.0,3.4939662,5.4778748,0.0,0.8594425333333333,0.0,0.0,0.0,0.0,0.0,1.0,0.2151324666666666,13.8523,Thursday,0.8594425333333333,1,1,0,0,0.8594425333333333,0.0,0.0,0.0,0.062043309294004124,0.0,0.0,0.0,0.0,0.0,0.062043309294004124,0.0,0.0,0.062043309294004124,0.0,0.8594425333333333,0.0,0.062043309294004124
02906112-3521-4373-a149-5f5e08d36ac3,D02-P030,False,"d1.in,d2.out,d3.in,d3.out,d6.in,d6.out",1.8764884666666668,0.6457859333333332,1.7428754666666668,1.1483308,0.2038878666666666,0.0,0.0,0.0,0.0,0.0,4.0,2.0927912666666666,13.279033333333333,Thursday,1.352218666666667,2,1,0,0,0.2038878666666666,0.0,0.0,0.08647698753172295,0.015354119652283922,0.0,0.0,0.0,0.0,0.0,0.015354119652283922,0.0,0.0,0.1018311071840069,1.1483308,0.2038878666666666,0.08647698753172295,0.015354119652283922
b31fcefa-e6f3-44a3-8dac-b10619385ac5,D05-P030,False,"d1.in,d2.out,d3.in,d4.out,d5.in,d6.out",1.5802078,1.6457708,2.2978441333333333,0.0,0.0,0.0,0.0,0.0,0.0,0.0,2.0,1.3984616666666667,6.5925,Thursday,0.0,0,0,0,0,0.0,0.0,0.0,0.0,0.0,0.0,0.0,0.0,0.0,0.0,0.0,0.0,0.0,0.0,0.0,0.0,0.0,0.0
cd85fb2e-a509-4679-bfc1-43c695298910,D03-P042,False,"d1.in,d2.out,d3.in,d4.out,d6.in,d6.out",4.193673133333333,2.1301548666666665,0.4748747333333333,0.0,0.0,0.0,0.0,0.7408104000000001,0.0,0.0,4.0,7.718052,10.7919,Thursday,0.7408104000000001,1,0,1,0,0.0,0.7408104000000001,0.0,0.0,0.0,0.0,0.0,0.06864503933505686,0.0,0.0,0.0,0.06864503933505686,0.0,0.06864503933505686,0.7408104000000001,0.0,0.06864503933505686,0.0
5207570b-41dd-4c7a-808d-b60405a1f836,D05-P031,False,"d1.in,d2.out,d3.in,d4.out,d6.in,d5.out",1.4761327333333334,2.696581866666667,2.7519864666666667,0.0,0.0,0.0,0.0,0.0,0.0,1.8425724666666667,5.0,1.2446108,14.99105,Thursday,1.8425724666666667,1,0,0,1,0.0,0.0,1.8425724666666667,0.0,0.0,0.0,0.0,0.0,0.0,0.12291150164042323,0.0,0.0,0.12291150164042323,0.12291150164042323,1.8425724666666667,0.0,0.12291150164042323,0.0
02a1ea46-6c0b-4b52-9b2f-e1a0cba5ef7b,D02-P031,False,"d1.in,d2.out,d3.in,d3.out,d2.in,d2.out",5.956706733333333,12.808780866666666,0.0,0.0,0.0,0.0,0.0,0.0,0.0,0.0,2.0,2.354899533333333,20.618233333333333,Thursday,0.0,0,0,0,0,0.0,0.0,0.0,0.0,0.0,0.0,0.0,0.0,0.0,0.0,0.0,0.0,0.0,0.0,0.0,0.0,0.0,0.0
868978a5-e856-4771-ba1f-02ea3e5467a7,D03-P043,False,"d3.in,d4.out",0.0,0.6966698666666667,0.0,1.6581211333333334,0.0,0.0,0.0,0.0,0.0,0.0,1.0,0.6636592666666666,5.3555,Thursday,1.6581211333333334,1,0,0,0,0.0,0.0,0.0,0.30961089222917254,0.0,0.0,0.0,0.0,0.0,0.0,0.0,0.0,0.0,0.30961089222917254,1.6581211333333334,0.0,0.30961089222917254,0.0
d2bc2220-8358-4d37-8ddd-437e21217bf8,D05-P032,False,"d1.in,d2.out,d3.in,d4.out,d5.in,d6.out",1.4437072666666666,4.795124133333333,4.0991336,0.0,0.0,0.0,0.0,0.0,0.0,0.0,2.0,1.926248,11.55515,Thursday,0.0,0,0,0,0,0.0,0.0,0.0,0.0,0.0,0.0,0.0,0.0,0.0,0.0,0.0,0.0,0.0,0.0,0.0,0.0,0.0,0.0
c63ba442-f16c-408c-860b-8bf250eadc75,D03-P044,False,"d1.in,d2.out,d3.in,d4.out",2.5636026666666667,1.839355,0.0,0.0,0.0,3.705831533333333,0.0,2.8999536666666668,0.0,0.0,1.0,0.0659650666666666,14.278616666666666,Thursday,6.6057852,2,1,1,0,3.705831533333333,2.8999536666666668,0.0,0.0,0.0,0.25953715404270017,0.0,0.20309766235524684,0.0,0.0,0.25953715404270017,0.20309766235524684,0.0,0.462634816397947,6.6057852,0.0,0.462634816397947,0.0
588567c6-383a-4114-90bb-857cef0aad21,D02-P032,False,"d1.in,d2.out,d3.in,d4.out,d5.in,d5.out",2.414604533333333,1.4471926000000002,2.9073110666666664,1.5350824,0.7980723333333334,1.846431733333333,0.0,1.0855968,0.0,0.0,1.0,0.1498882666666667,19.90488333333333,Thursday,5.265183266666667,4,2,1,0,2.644504066666667,1.0855968,0.0,0.07712089411894738,0.040094298467796434,0.09276275084924722,0.0,0.05453921943777617,0.0,0.0,0.13285704931704367,0.05453921943777617,0.0,0.2645171628737672,4.467110933333333,0.7980723333333334,0.22442286440597076,0.040094298467796434
9ffe3e18-da84-4448-9475-d6b919122aa5,D03-P045,False,"d2.in,d2.out,d1.in,d2.out,d3.in,d4.out,d6.in,d6.out",1.0685850166666666,0.7907334,3.354123066666667,0.0,0.0,0.2426425999999999,0.0,0.0,0.0,0.0,3.0,0.3321567333333333,8.80805,Thursday,0.2426425999999999,1,1,0,0,0.2426425999999999,0.0,0.0,0.0,0.0,0.027547822730343254,0.0,0.0,0.0,0.0,0.027547822730343254,0.0,0.0,0.027547822730343254,0.2426425999999999,0.0,0.027547822730343254,0.0
db2a4dd2-22d7-4dc6-b43d-0ad5da790665,D04-P036,False,"d2.in,d2.out,d1.in,d2.out,d3.in,d4.out,d6.in,d6.out",0.7406844333333333,0.7776148666666667,3.297703933333333,0.0,0.0,0.0,0.0,0.0,0.0,0.0,0.0,0.0,8.570400000000001,Thursday,0.0,0,0,0,0,0.0,0.0,0.0,0.0,0.0,0.0,0.0,0.0,0.0,0.0,0.0,0.0,0.0,0.0,0.0,0.0,0.0,0.0
399445b8-e3a1-4816-9d5d-1f7019847862,D02-P033,False,"d1.in,d2.out,d3.in,d4.out",3.39210925,7.649930133333333,0.0,0.0,0.0,0.0,0.9360175333333332,0.0,0.0,0.0,6.0,3.325853,14.0307,Thursday,0.9360175333333332,1,0,1,0,0.0,0.9360175333333332,0.0,0.0,0.0,0.0,0.06671210512186371,0.0,0.0,0.0,0.0,0.06671210512186371,0.0,0.06671210512186371,0.0,0.9360175333333332,0.0,0.06671210512186371
6164201b-7639-42dc-af3b-72d17e0ad978,D04-P037,False,"d1.in,d2.out,d3.in,d4.out,d6.in,d6.out",1.4282788,3.4032877333333333,3.793038866666667,0.0,0.0,0.0,0.0,0.0,0.0,0.0,6.0,1.4903862666666667,10.042816666666663,Thursday,0.0,0,0,0,0,0.0,0.0,0.0,0.0,0.0,0.0,0.0,0.0,0.0,0.0,0.0,0.0,0.0,0.0,0.0,0.0,0.0,0.0
042d020f-ba2a-447a-9303-82d0b2363abf,D03-P046,False,"d1.in,d2.out,d3.in,d4.out,d6.in,d6.out",1.5525894,3.7915322,5.1281782,0.0,0.0,0.0,0.0,0.0,0.0,0.0,1.0,0.6005189333333333,11.857016666666668,Thursday,0.0,0,0,0,0,0.0,0.0,0.0,0.0,0.0,0.0,0.0,0.0,0.0,0.0,0.0,0.0,0.0,0.0,0.0,0.0,0.0,0.0
1612bf97-3a43-4ffa-ad2a-2401e1335293,D02-P034,False,"d1.in,d2.out,d3.in,d4.out,d5.in,d6.out",1.3506515166666666,1.4643576,1.8078132,0.0,0.0,0.0,0.7080990666666668,0.0,0.0,0.0,5.0,3.112359333333333,8.5799,Thursday,0.7080990666666668,1,0,1,0,0.0,0.7080990666666668,0.0,0.0,0.0,0.0,0.08252999063703152,0.0,0.0,0.0,0.0,0.08252999063703152,0.0,0.08252999063703152,0.0,0.7080990666666668,0.0,0.08252999063703152
75bd6ae2-879b-49ed-8c71-273f0a612f31,D02-P035,False,"d1.in,d2.out,d3.in,d4.out,d6.in,d6.out",3.4920286,2.958276066666667,5.608994066666667,0.0,0.0,0.0,3.0935768666666665,0.0,0.0,2.8686436,0.0,0.0,19.8136,Friday,5.9622204666666665,2,0,1,1,0.0,3.0935768666666665,2.8686436,0.0,0.0,0.0,0.15613401232823246,0.0,0.0,0.14478154398998666,0.0,0.15613401232823246,0.14478154398998666,0.3009155563182191,2.8686436,3.0935768666666665,0.14478154398998666,0.15613401232823246
c7c11930-209a-4999-9c56-ec19fd5bec85,D01-P041,False,"d1.in,d2.out,d3.in,d4.out,d5.in,d6.out",0.7617896,1.0774908,0.5978235333333333,0.0,0.0,0.0,0.0,0.0,0.0,0.0,0.0,0.0,3.7456833333333335,Friday,0.0,0,0,0,0,0.0,0.0,0.0,0.0,0.0,0.0,0.0,0.0,0.0,0.0,0.0,0.0,0.0,0.0,0.0,0.0,0.0,0.0
06807725-bd17-48f5-b7b3-9abb5695f77b,D03-P047,False,"d1.in,d2.out,d3.in,d4.out,d6.in,d6.out",4.217035666666667,4.0823903,4.602810066666667,0.0,0.0,0.0,2.362012866666667,0.9260325333333334,0.0,0.3636556666666666,7.0,4.366842366666666,19.86328333333333,Friday,3.651701066666667,3,0,2,1,0.0,3.2880454,0.3636556666666666,0.0,0.0,0.0,0.11891351631192226,0.046620315372500526,0.0,0.01830793331414662,0.0,0.1655338316844228,0.01830793331414662,0.1838417649985694,1.2896882,2.362012866666667,0.06492824868664715,0.11891351631192226
2850d1fe-f786-4c18-a350-d08ea478f6b8,D01-P042,False,"d1.in,d2.out,d3.in,d4.out,d5.in,d6.out",1.9115931333333327,4.0411126,8.294164533333333,1.3915144666666668,2.7821324666666665,0.0,0.0,0.2049144,1.4089914666666667,0.0,3.0,1.3574408,24.630116666666662,Friday,5.7875528,4,1,1,1,2.7821324666666665,0.2049144,1.4089914666666667,0.0564964626639338,0.11295652815286436,0.0,0.0,0.008319668265206486,0.0572060411136231,0.0,0.11295652815286436,0.008319668265206486,0.0572060411136231,0.23497870019562775,1.5964288666666668,4.191123933333333,0.06481613092914029,0.17016256926648748
517bfa37-1eda-410a-af34-2d74acdb7de8,D02-P036,False,"d1.in,d2.out,d3.in,d4.out,d5.in,d6.out",1.950388,5.566257866666667,6.8924294,0.0,0.0,0.0,0.0,0.0,0.0,0.0,0.0,0.0,15.94405,Friday,0.0,0,0,0,0,0.0,0.0,0.0,0.0,0.0,0.0,0.0,0.0,0.0,0.0,0.0,0.0,0.0,0.0,0.0,0.0,0.0,0.0
ea819358-ad15-4cb3-9cad-1de085642e89,D03-P048,False,"d1.in,d2.out,d3.in,d4.out,d5.in,d6.out",1.9045678,1.8014408,5.431985533333333,0.0,0.0,0.0,0.0,0.0,0.0,0.0,0.0,0.0,11.1408,Friday,0.0,0,0,0,0,0.0,0.0,0.0,0.0,0.0,0.0,0.0,0.0,0.0,0.0,0.0,0.0,0.0,0.0,0.0,0.0,0.0,0.0
1f5ae2fe-abae-4495-9b74-2318bc7aced5,D02-P037,True,"d1.in,d2.out,d3.in,d4.out",1.5185488,5.332570733333333,0.0,2.0451493333333333,0.8751102,0.0,0.0,0.0,0.0,4.8533378,4.0,0.9324716,27.292216666666665,Friday,7.773597333333333,3,1,0,1,0.8751102,0.0,4.8533378,0.07493525931996485,0.03206446038034043,0.0,0.0,0.0,0.0,0.1778286410105934,0.03206446038034043,0.0,0.1778286410105934,0.2848283607108987,6.898487133333333,0.8751102,0.25276390033055823,0.03206446038034043
e0d7e632-3802-4ecc-8069-f9cf627d2381,D01-P043,False,"d1.in,d2.out,d3.in,d4.out,d5.in,d6.out",2.8084792,2.304295933333333,2.495573133333333,0.0,0.0,0.0,0.0,0.0,0.0,0.0,5.0,3.6769123333333336,10.118616666666666,Friday,0.0,0,0,0,0,0.0,0.0,0.0,0.0,0.0,0.0,0.0,0.0,0.0,0.0,0.0,0.0,0.0,0.0,0.0,0.0,0.0,0.0
f8cb8f94-f2d1-4fdb-9864-edd38bdeead8,D03-P049,False,"d2.in,d2.out,d3.in,d4.out,d6.in,d6.out",1.7889214,1.3140044000000002,1.3703641333333332,4.0584584,0.0,0.0,0.0,0.0,0.0,0.0,1.0,0.772729,10.3278,Friday,4.0584584,1,0,0,0,0.0,0.0,0.0,0.39296446484246406,0.0,0.0,0.0,0.0,0.0,0.0,0.0,0.0,0.0,0.39296446484246406,4.0584584,0.0,0.39296446484246406,0.0
bf916e2a-51ac-43c4-9c92-55d4e4b8dec8,D01-P044,False,"d1.in,d2.out,d3.in,d4.out,d5.in,d6.out",2.288622933333333,4.89637965,7.203898933333334,1.2802170666666666,0.0,0.0,0.0,0.0,0.0,0.0,10.0,16.119683733333332,28.21445,Friday,1.2802170666666666,1,0,0,0,0.0,0.0,0.0,0.045374517903651025,0.0,0.0,0.0,0.0,0.0,0.0,0.0,0.0,0.0,0.045374517903651025,1.2802170666666666,0.0,0.045374517903651025,0.0
11b012dc-02b9-4015-9ff7-b7492ce4d436,D03-P050,False,"d1.in,d2.out,d3.in,d4.out,d5.in,d5.out",1.6899280666666667,1.678015866666667,2.908798066666667,0.0,0.0,0.0,0.0,0.0,0.0,0.0,0.0,0.0,7.76415,Friday,0.0,0,0,0,0,0.0,0.0,0.0,0.0,0.0,0.0,0.0,0.0,0.0,0.0,0.0,0.0,0.0,0.0,0.0,0.0,0.0,0.0
1d571e5c-a697-4b77-9690-b443f2e2a8e0,D02-P038,False,"d1.in,d2.out,d3.in,d4.out,d5.in,d6.out",1.7298837333333337,0.9400878666666668,0.5159994666666666,6.7720728,4.4200886,7.418441400000001,0.0,0.0,0.0,0.0,0.0,0.0,28.217883333333337,Friday,18.6106028,3,2,0,0,11.83853,0.0,0.0,0.2399922318765936,0.15664139467110985,0.2628985779112891,0.0,0.0,0.0,0.0,0.41953997258239895,0.0,0.0,0.6595322044589925,14.1905142,4.4200886,0.5028908097878827,0.15664139467110985
6ef00074-90fe-457d-ad95-5e806eca365a,D01-P045,False,"d1.in,d2.out,d3.in,d4.out,d5.in,d6.out",3.3873996666666666,11.429326583333332,17.092039399999997,0.0,0.0,1.1377128666666667,3.2335546,0.4818633333333333,0.0,0.0,2.0,0.2443050666666666,42.231883333333336,Friday,4.8531308,3,1,2,0,1.1377128666666667,3.715417933333333,0.0,0.0,0.0,0.026939666831497372,0.07656666823209794,0.01140994185672515,0.0,0.0,0.026939666831497372,0.08797661008882308,0.0,0.11491627692032046,1.6195762,3.2335546,0.03834960868822252,0.07656666823209794
e30cc624-982e-40f7-a834-b5235225d97c,D02-P039,False,"d1.in,d2.out,d3.in,d4.out,d6.in,d6.out",2.110532866666667,3.3723642,8.545895400000001,0.0,0.2846665333333333,0.0,0.34438545,0.0,0.0,0.0,1.0,0.8522294,17.22235,Friday,0.6290519833333333,2,1,1,0,0.2846665333333333,0.34438545,0.0,0.0,0.016528901882340873,0.0,0.019996426155547878,0.0,0.0,0.0,0.016528901882340873,0.019996426155547878,0.0,0.03652532803788876,0.0,0.6290519833333332,0.0,0.03652532803788875
e1487a6f-30b5-4180-b1d0-61beda65d065,D02-P040,True,"d1.in,d2.out,d3.in",1.4708802,0.3013253999999999,0.0,0.0,0.0,0.0,0.0,0.0,0.0,0.0,0.0,0.0,25.742183333333333,Friday,0.0,0,0,0,0,0.0,0.0,0.0,0.0,0.0,0.0,0.0,0.0,0.0,0.0,0.0,0.0,0.0,0.0,0.0,0.0,0.0,0.0
ca8b1671-d3b7-44f8-981a-d755bb2c99c3,D05-P034,False,"d1.in,d2.out,d3.in,d4.out,d5.in,d6.out",2.4911310666666666,4.4149184,8.712328600000001,0.0,0.0,0.0,0.0,0.0,0.0,0.0,6.0,1.9583339333333327,20.526433333333333,Friday,0.0,0,0,0,0,0.0,0.0,0.0,0.0,0.0,0.0,0.0,0.0,0.0,0.0,0.0,0.0,0.0,0.0,0.0,0.0,0.0,0.0
fcf4d731-45de-49b5-a168-fd1bcf31732c,D03-P052,False,"d1.in,d2.out,d3.in,d4.out,d5.in,d6.out",1.4389628666666667,3.7845832,7.283144466666667,3.610946466666667,0.0,0.0,0.0,0.0,0.0,0.0,6.0,2.8229500666666665,18.628916666666665,Friday,3.610946466666667,1,0,0,0,0.0,0.0,0.0,0.19383555851789558,0.0,0.0,0.0,0.0,0.0,0.0,0.0,0.0,0.0,0.19383555851789558,3.610946466666667,0.0,0.19383555851789558,0.0
a6091603-b9c8-4835-a12b-46c0b879016b,D04-P039,False,"d1.in,d2.out,d2.in,d2.out,d3.in,d4.out,d6.in,d5.out",2.3576534,7.405018,6.712169733333334,0.0,0.0,3.5641156,5.5125394,0.0,0.0,5.596583533333333,15.0,9.6270982,34.098533333333336,Friday,14.673238533333334,3,1,1,1,3.5641156,5.5125394,5.596583533333333,0.0,0.0,0.10452401471813058,0.16166500025416536,0.0,0.0,0.16412974360578556,0.10452401471813058,0.16166500025416536,0.16412974360578556,0.43031875857808155,9.160699133333333,5.5125394,0.26865375832391614,0.16166500025416536
092cd55f-03aa-4f20-b91e-a1b35aaa0e57,D05-P035,True,"d1.in,d2.out",4.098152516666667,2.348765866666666,0.0,0.0,0.0,9.898564483333333,4.3784928,0.0,0.0,0.0,4.0,1.9469481333333327,23.634477909683334,Friday,14.277057283333331,2,1,1,0,9.898564483333333,4.3784928,0.0,0.0,0.0,0.41881883412697557,0.18525870623129265,0.0,0.0,0.0,0.41881883412697557,0.18525870623129265,0.0,0.6040775403582681,9.898564483333333,4.3784928,0.41881883412697557,0.18525870623129265
9a1e5ac7-0bcb-47dc-9c60-4e596cd842ff,D01-P046,False,"d1.in,d2.out,d3.in,d4.out,d5.in,d6.out",0.6390145333333332,0.9059351333333332,0.8699817,0.0,0.0,0.0,0.0,0.0,0.0,0.0,3.0,1.1799392,4.372016666666667,Friday,0.0,0,0,0,0,0.0,0.0,0.0,0.0,0.0,0.0,0.0,0.0,0.0,0.0,0.0,0.0,0.0,0.0,0.0,0.0,0.0,0.0
76cead75-bfa9-4c7a-a24c-f9e038c22e25,D01-P047,False,"d1.in,d2.out,d3.in,d4.out,d6.in,d5.out",9.558204133333334,7.909123666666667,5.566272133333333,0.0,0.0,0.0,0.0,0.0,0.0,0.0,3.0,1.0515859333333333,25.179516666666665,Friday,0.0,0,0,0,0,0.0,0.0,0.0,0.0,0.0,0.0,0.0,0.0,0.0,0.0,0.0,0.0,0.0,0.0,0.0,0.0,0.0,0.0
5a24c5ac-1f5c-4926-b522-dbccecc62087,D04-P040,True,"d1.in,d2.out,d3.in",6.26446405,14.676985466666668,0.0,6.6943090000000005,1.3343824666666668,14.054160733333331,6.054979983333333,0.0,0.0,0.0,2.0,1.9279868666666669,50.24652152975,Friday,28.13783218333333,4,2,1,0,15.3885432,6.054979983333333,0.0,0.13322930217241863,0.02655671330156864,0.2797041527543779,0.12050545588013085,0.0,0.0,0.0,0.3062608660559466,0.12050545588013085,0.0,0.559995624108496,20.74846973333333,7.38936245,0.4129334549267965,0.14706216918169948
79aa303b-0931-4460-b496-908ded248a16,D02-P041,False,"d3.in,d4.out,d5.in,d6.out",0.0,0.4061176666666666,9.076657466666669,1.6635683,0.0,4.2413374,12.45571595,3.346675,1.1247424666666668,0.0,0.0,0.0,55.92676666666667,Friday,22.832039116666667,5,1,2,1,4.2413374,15.80239095,1.1247424666666668,0.029745476077942402,0.0,0.07583734323993936,0.22271475167227617,0.05984030902316898,0.020110986808344007,0.0,0.07583734323993936,0.2825550606954451,0.020110986808344007,0.40824886682167094,9.2515807,13.580458416666668,0.16542312834105075,0.24282573848062017
9926db2d-29b6-438d-9020-5aa7b7cedda8,D01-P048,False,"d1.in,d2.out,d3.in,d4.out,d6.in,d6.out",2.1409667166666666,1.2993775333333335,2.588456,0.0,0.358604,6.929929516666666,0.0,0.0,0.0,0.0,2.0,1.0336571166666666,17.893283333333333,Friday,7.288533516666666,2,2,0,0,7.288533516666666,0.0,0.0,0.0,0.020041263155541604,0.3872922251086767,0.0,0.0,0.0,0.0,0.4073334882642183,0.0,0.0,0.4073334882642183,6.929929516666666,0.358604,0.3872922251086767,0.020041263155541604
45900af2-9b29-4257-9991-be546c4a97b8,D03-P053,True,"d1.in,d2.out,d3.in,d4.out",1.0193694666666666,7.9347292,0.0,0.3298376,0.0,11.120107916666663,3.5081990666666667,0.0,0.0,0.0,0.0,0.0,36.31773333333333,Friday,14.958144583333333,3,1,1,0,11.120107916666663,3.5081990666666667,0.0,0.009081998509451766,0.0,0.3061894808963848,0.09659741246700419,0.0,0.0,0.0,0.3061894808963848,0.09659741246700419,0.0,0.4118688918728408,11.449945516666663,3.5081990666666667,0.31527147940583655,0.09659741246700419
d0a81be6-74a7-4786-8c3c-8a5149ce7c8e,D05-P036,False,"d1.in,d2.out,d3.in,d4.out,d5.in,d6.out",0.9345129666666666,2.3191974666666666,6.4615149,0.0,0.0,0.0,2.4521540666666666,0.0,0.0,0.0,3.0,0.3798022,13.469033333333334,Friday,2.4521540666666666,1,0,1,0,0.0,2.4521540666666666,0.0,0.0,0.0,0.0,0.18205865305849714,0.0,0.0,0.0,0.0,0.18205865305849714,0.0,0.18205865305849714,0.0,2.4521540666666666,0.0,0.18205865305849714
929c14bc-6fd4-4859-a210-ae0e9d6e3604,D01-P049,False,"d1.in,d2.out,d3.in,d4.out",1.8427815666666667,1.645898766666667,0.0,0.7743485499999999,3.0611900666666667,0.0,0.2294867333333333,0.0,0.0,0.0,2.0,0.2070674666666666,11.526816666666669,Friday,4.06502535,3,1,1,0,3.0611900666666667,0.2294867333333333,0.0,0.06717800520236143,0.2655711594267859,0.0,0.019908942769686334,0.0,0.0,0.0,0.2655711594267859,0.019908942769686334,0.0,0.3526581073988337,0.7743485499999999,3.2906768,0.06717800520236143,0.28548010219647224
e96dec56-421e-46e2-8427-5d9f370c7233,D03-P054,True,"d1.in,d2.out,d3.in",3.5510826166666667,1.4826922,0.0,0.626727,0.3580803333333333,0.0,0.0,0.0,0.0,0.0,1.0,0.0967378,13.0322294115,Friday,0.9848073333333331,2,1,0,0,0.3580803333333333,0.0,0.0,0.048090543851764825,0.02747652163162147,0.0,0.0,0.0,0.0,0.0,0.02747652163162147,0.0,0.0,0.07556706548338628,0.626727,0.3580803333333333,0.048090543851764825,0.02747652163162147
1a3c7446-e11b-41e8-928c-11ff1cbd762e,D05-P037,False,"d1.in,d2.out,d3.in,d4.out,d5.in,d6.out",2.890415133333333,2.148987433333333,4.4722074,0.0,0.0,0.0,0.0,0.0,0.0,0.0,2.0,0.2624796666666666,17.723916666666664,Friday,0.0,0,0,0,0,0.0,0.0,0.0,0.0,0.0,0.0,0.0,0.0,0.0,0.0,0.0,0.0,0.0,0.0,0.0,0.0,0.0,0.0
14652432-7820-46b1-883f-6fa0bf11662e,D01-P050,False,"d1.in,d2.out,d3.in,d4.out,d5.in,d6.out",1.3602365333333333,3.108337816666667,5.2623754,0.3177630666666667,0.0,0.0,0.0,0.0,0.0,0.0,3.0,2.573869933333333,11.867316666666666,Friday,0.3177630666666667,1,0,0,0,0.0,0.0,0.0,0.02677631983641346,0.0,0.0,0.0,0.0,0.0,0.0,0.0,0.0,0.0,0.02677631983641346,0.3177630666666667,0.0,0.02677631983641346,0.0
52c65ff0-e99d-4dbe-808f-6d204810f186,D04-P041,False,"d1.in,d2.out,d3.in,d4.out",1.3618482666666667,4.041853933333333,0.0,1.1077914666666666,1.4629871333333333,0.0,0.816589,0.0,0.0,0.0,7.0,2.0305171333333334,12.1451,Saturday,3.3873676,3,1,1,0,1.4629871333333333,0.816589,0.0,0.09121303790554765,0.1204590438393536,0.0,0.06723608698158105,0.0,0.0,0.0,0.1204590438393536,0.06723608698158105,0.0,0.27890816872648233,1.1077914666666666,2.2795761333333333,0.09121303790554765,0.18769513082093464
5de63a96-c88b-4e02-a63c-02d6cca4405c,D03-P055,False,"d1.in,d2.out,d3.in,d4.out,d6.in,d6.out",0.9461324333333334,1.6920023666666668,1.7996105333333332,0.0,0.2373701333333333,0.0,0.2126779833333333,0.0,0.0,6.816237283333334,5.0,1.6940223666666665,14.623033333333332,Saturday,7.2662854,3,1,1,1,0.2373701333333333,0.2126779833333333,6.816237283333334,0.0,0.01623261931518996,0.0,0.014544040110237045,0.0,0.0,0.4661301884469935,0.01623261931518996,0.014544040110237045,0.4661301884469935,0.4969068478724205,6.816237283333334,0.45004811666666655,0.4661301884469935,0.030776659425427004
52c179fa-1840-41cc-a906-9f7c15e672c5,D02-P043,False,"d1.in,d2.out,d3.in,d4.out,d6.in,d6.out",2.35187305,6.969050666666666,15.039069533333333,0.0,0.0,0.0,0.0,5.287036166666667,0.0,2.453614133333333,1.0,0.3262400666666666,34.156166666666664,Saturday,7.740650299999999,2,0,1,1,0.0,5.287036166666667,2.453614133333333,0.0,0.0,0.0,0.0,0.15479009158912252,0.0,0.07183517276040928,0.0,0.15479009158912252,0.07183517276040928,0.22662526434953179,7.7406502999999995,0.0,0.2266252643495318,0.0
d5be8c20-b8b7-4251-8197-99a9727a3126,D02-P044,False,"d1.in,d1.out,d3.in,d4.out,d5.in,d6.out",1.2362148333333332,1.5217605166666668,2.0093071,0.0,0.0,0.0,0.0,0.0,0.0,0.0,4.0,2.2508474166666668,8.803083333333332,Saturday,0.0,0,0,0,0,0.0,0.0,0.0,0.0,0.0,0.0,0.0,0.0,0.0,0.0,0.0,0.0,0.0,0.0,0.0,0.0,0.0,0.0
114f6241-c71d-405e-a864-3f7957fe60f2,D02-P045,False,"d1.in,d2.out,d3.in,d4.out,d5.in,d6.out",1.01673525,0.8224484666666666,0.8696453333333333,0.0,0.0,0.0,0.0,0.0,0.0,0.0,3.0,1.03016375,4.000116666666667,Saturday,0.0,0,0,0,0,0.0,0.0,0.0,0.0,0.0,0.0,0.0,0.0,0.0,0.0,0.0,0.0,0.0,0.0,0.0,0.0,0.0,0.0
e4572a57-f189-4d4c-9cc2-91e8d642dd5f,D02-P046,False,"d1.in,d2.out,d3.in,d4.out,d5.in,d6.out",1.4659262,4.682106283333334,1.9176004666666664,6.273243333333334,0.0,0.4231956666666666,5.086482866666667,0.0,0.0,0.0,1.0,0.3174203666666667,34.713883333333335,Saturday,11.782921866666667,3,1,1,0,0.4231956666666666,5.086482866666667,0.0,0.1807128079879664,0.0,0.012190962981669674,0.146525896219236,0.0,0.0,0.0,0.012190962981669674,0.146525896219236,0.0,0.3394296671888721,6.696439000000001,5.086482866666667,0.19290377096963607,0.146525896219236
d1c11009-5036-4a72-9b70-1b00108e6cf2,D01-P053,False,"d1.in,d2.out,d3.in,d4.out,d6.in,d6.out",0.7203231999999999,0.8491523999999999,0.8672189333333333,0.0,0.0,0.0,0.0,0.0,0.0,0.0,0.0,0.0,3.853083333333333,Saturday,0.0,0,0,0,0,0.0,0.0,0.0,0.0,0.0,0.0,0.0,0.0,0.0,0.0,0.0,0.0,0.0,0.0,0.0,0.0,0.0,0.0
477bc7a6-0152-4e1e-9d62-599f9189f492,D05-P038,False,"d1.in,d2.out,d3.in,d4.out,d5.in,d6.out",1.4400149999999998,4.869674933333333,9.272675983333333,0.0,0.0,0.0,0.0,0.0,0.0,0.0,4.0,1.2866938,20.06993333333333,Saturday,0.0,0,0,0,0,0.0,0.0,0.0,0.0,0.0,0.0,0.0,0.0,0.0,0.0,0.0,0.0,0.0,0.0,0.0,0.0,0.0,0.0
56cfb8d5-7f0f-426b-9e1a-954e387cc9c5,D01-P054,False,"d1.in,d2.out,d3.in,d4.out,d5.in,d6.out",2.347325333333333,5.743365333333333,2.9892944,1.1971692,0.0,0.5083176666666667,0.0,0.0,0.0,0.0,1.0,0.0285369333333333,15.089433333333334,Saturday,1.7054868666666667,2,1,0,0,0.5083176666666667,0.0,0.0,0.07933824773627461,0.0,0.033686995093696916,0.0,0.0,0.0,0.0,0.033686995093696916,0.0,0.0,0.11302524282997152,1.7054868666666667,0.0,0.11302524282997152,0.0
61b9abb9-1460-401a-9b38-03047081142c,D03-P058,True,"d2.in,d2.out,d3.in",1.725569666666667,3.3838371166666668,0.0,0.0,0.0,0.3481788,0.0,0.0,0.0,0.0,1.0,0.1668481333333333,25.132533298716663,Saturday,0.3481788,1,1,0,0,0.3481788,0.0,0.0,0.0,0.0,0.013853708890451524,0.0,0.0,0.0,0.0,0.013853708890451524,0.0,0.0,0.013853708890451524,0.3481788,0.0,0.013853708890451524,0.0
b13954af-5f09-471f-ad81-2af0904cc308,D03-P059,False,"d1.in,d2.out,d3.in,d4.out,d6.in,d6.out",2.5478450666666665,2.4581868666666664,4.8726091,0.0,0.0,0.4395269333333333,1.4561804,0.0,0.0,0.0,3.0,0.7551388333333333,17.579250000000002,Saturday,1.8957073333333327,2,1,1,0,0.4395269333333333,1.4561804,0.0,0.0,0.0,0.025002598707756774,0.0828351835260321,0.0,0.0,0.0,0.025002598707756774,0.0828351835260321,0.0,0.10783778223378884,0.4395269333333333,1.4561804,0.025002598707756774,0.0828351835260321
57db7561-767b-40e8-b9e9-b611ce739d7e,D01-P055,False,"d1.in,d2.out,d3.in,d4.out,d5.in,d5.out,d5.in,d6.out",1.0988774,12.3577928,1.7129909,0.0,0.0,0.0,2.022088666666667,0.0,1.8948067333333327,0.0,1.0,0.0190931999999999,34.17593333333333,Saturday,3.9168954,2,0,1,1,0.0,2.022088666666667,1.8948067333333327,0.0,0.0,0.0,0.05916703567227621,0.0,0.05544272090106291,0.0,0.0,0.05916703567227621,0.05544272090106291,0.11460975657333913,0.0,3.9168953999999996,0.0,0.11460975657333912
ad7e10ba-d8de-451c-bbee-db62eb010e35,D02-P047,True,"d1.in,d2.out,d3.in",1.082669,2.986689533333333,0.0,8.939563233333333,0.0,0.0,0.0,0.0,0.0,0.0,2.0,3.258048866666667,26.54655,Saturday,8.939563233333333,1,0,0,0,0.0,0.0,0.0,0.33675047165576444,0.0,0.0,0.0,0.0,0.0,0.0,0.0,0.0,0.0,0.33675047165576444,8.939563233333333,0.0,0.33675047165576444,0.0
f3f3c3d4-6344-4b0e-aa97-d7a72f3a9752,D05-P039,False,"d1.in,d2.out,d3.in,d4.out,d5.in,d6.out",0.3661568333333333,2.2817156,2.66703515,0.0,0.0,0.0,0.0,0.0,0.6639649999999999,0.0,2.0,1.5414286,9.504183333333334,Saturday,0.6639649999999999,1,0,0,1,0.0,0.0,0.6639649999999999,0.0,0.0,0.0,0.0,0.0,0.06986028959177625,0.0,0.0,0.0,0.06986028959177625,0.06986028959177625,0.0,0.6639649999999999,0.0,0.06986028959177625
965e44d8-6448-4a3d-b1b0-6b97046d6e9f,D04-P043,False,"d1.in,d2.out,d3.in,d4.out,d5.in,d6.out",1.0686877833333337,2.6816898,1.7191380833333334,0.0,0.6846373333333333,0.0,0.0,0.0,0.0,0.0,0.0,0.0,8.184183333333333,Saturday,0.6846373333333333,1,1,0,0,0.6846373333333333,0.0,0.0,0.0,0.08365371417632791,0.0,0.0,0.0,0.0,0.0,0.08365371417632791,0.0,0.0,0.08365371417632791,0.0,0.6846373333333333,0.0,0.08365371417632791
bd9ca156-315b-4b2e-9ea6-3d55b6fb1c40,D05-P040,False,"d1.in,d2.out,d3.in,d4.out,d5.in,d6.out",2.7101664,4.2767386,3.5050978666666666,0.0,0.0,0.0,0.0,0.0,0.0,0.0,0.0,0.0,12.22255,Saturday,0.0,0,0,0,0,0.0,0.0,0.0,0.0,0.0,0.0,0.0,0.0,0.0,0.0,0.0,0.0,0.0,0.0,0.0,0.0,0.0,0.0
bb8cc5e8-43e7-493c-8552-77ede0bca111,D01-P056,True,"d1.in,d2.out,d3.in,d4.out,d6.in",1.4818701333333335,5.3956099,2.6456063,3.2395366666666665,0.3767902,0.0,0.1440836666666666,0.0,0.0,2.428117733333333,7.0,1.3432546666666667,21.323249900366665,Saturday,6.188528266666666,4,1,1,1,0.3767902,0.1440836666666666,2.428117733333333,0.15192509030300116,0.017670392729089615,0.0,0.006757115699525193,0.0,0.0,0.11387184151941024,0.017670392729089615,0.006757115699525193,0.11387184151941024,0.29022444025102623,5.6676544,0.5208738666666666,0.26579693182241143,0.024427508428614807
5d478dbe-fd1b-4d79-9eee-37402bdaf974,D04-P044,True,"d1.in,d2.out,d5.in",2.1429408666666663,0.0,20.493570283333334,0.0,0.0,0.0,0.85284685,0.0,0.0,0.0,3.0,0.9240613,25.87596691383333,Saturday,0.85284685,1,0,1,0,0.0,0.85284685,0.0,0.0,0.0,0.0,0.032959033099708705,0.0,0.0,0.0,0.0,0.032959033099708705,0.0,0.032959033099708705,0.0,0.85284685,0.0,0.032959033099708705
04d9e15f-0572-4302-8da2-b06d6fe6da1e,D02-P048,False,"d1.in,d1.out,d3.in,d3.out,d5.in,d5.out",0.3308533333333333,0.0477267333333333,0.1874837333333333,0.1016921333333333,0.0,0.0,0.2592928666666667,0.0,0.0,0.0,2.0,0.2572978666666666,6.02625,Saturday,0.360985,2,0,1,0,0.0,0.2592928666666667,0.0,0.016874861370393412,0.0,0.0,0.043027233630643716,0.0,0.0,0.0,0.0,0.043027233630643716,0.0,0.05990209500103713,0.1016921333333333,0.2592928666666667,0.016874861370393412,0.043027233630643716
5a20226b-2df3-47a7-9be5-a3799a96f05b,D05-P041,False,"d1.in,d2.out,d3.in,d4.out,d5.in,d6.out",1.7713288,4.323159166666667,7.000639016666667,0.0,0.0,0.0,0.2378961,0.0,0.0,0.0,0.0,0.0,15.883366666666666,Saturday,0.2378961,1,0,1,0,0.0,0.2378961,0.0,0.0,0.0,0.0,0.014977687350079014,0.0,0.0,0.0,0.0,0.014977687350079014,0.0,0.014977687350079014,0.0,0.2378961,0.0,0.014977687350079014
417eba26-0190-4848-b815-ca7091b65cff,D02-P049,False,"d1.in,d2.out,d3.in,d4.out,d6.in,d6.out",1.7621461333333337,3.0248589333333333,2.1325257333333334,5.346983533333333,0.0,0.0,4.865969466666667,0.0,0.0,0.0,0.0,0.0,19.77175,Saturday,10.212953,2,0,1,0,0.0,4.865969466666667,0.0,0.2704355220622015,0.0,0.0,0.24610717142724678,0.0,0.0,0.0,0.0,0.24610717142724678,0.0,0.5165426934894484,5.346983533333333,4.865969466666667,0.2704355220622015,0.24610717142724678
6700112d-5fad-4142-b96a-dfb3694d9dd3,D05-P042,False,"d1.in,d2.out,d3.in,d4.out,d5.in,d6.out",1.7152129500000002,4.444765333333334,1.57021895,0.0,0.0,0.0,0.0,0.0,0.0,0.0,3.0,2.4301823166666665,9.169533333333334,Saturday,0.0,0,0,0,0,0.0,0.0,0.0,0.0,0.0,0.0,0.0,0.0,0.0,0.0,0.0,0.0,0.0,0.0,0.0,0.0,0.0,0.0
0e0bb701-cead-4140-ae42-d892f6b0011d,D05-P043,True,"d1.in,d2.out,d3.in,d4.out,d5.in",2.186277,7.709433000000001,7.111537983333333,2.6687652666666666,1.2394628833333334,0.1783882666666666,0.0,0.0,0.9747622666666668,0.0,5.0,3.010713066666667,25.6219,Saturday,5.061378683333333,4,2,0,1,1.41785115,0.0,0.9747622666666668,0.10415953799939374,0.04837513546354226,0.006962335606128608,0.0,0.0,0.03804410549829118,0.0,0.055337471069670865,0.0,0.03804410549829118,0.1975411145673558,2.847153533333333,2.2142251500000003,0.11112187360552235,0.08641924096183344
d40809b2-d0ba-4002-9603-b8fe26e2e674,D01-P058,True,"d1.in,d2.out,d3.in",1.9993104666666668,6.35087735,0.0,10.545947533333331,8.293468133333333,0.2014545333333333,1.72954865,0.0,0.0,0.0,3.0,1.6990378,30.644766666666666,Saturday,20.77041885,4,2,1,0,8.494922666666666,1.72954865,0.0,0.3441353510060989,0.2706324451265741,0.006573864161689379,0.056438630086920766,0.0,0.0,0.0,0.27720630928826345,0.056438630086920766,0.0,0.6777802903812832,10.747402066666664,10.023016783333333,0.35070921516778825,0.3270710752134948
40f08145-9538-42e2-95a7-28dca890e3e0,D04-P045,True,"d1.in,d2.out,d3.in,d4.out",3.763955466666667,6.67867975,0.0,3.8312865333333335,0.0,0.0,0.0,0.0,0.0,0.0,2.0,1.5467969333333331,15.287634567383332,Saturday,3.8312865333333335,1,0,0,0,0.0,0.0,0.0,0.2506134298570629,0.0,0.0,0.0,0.0,0.0,0.0,0.0,0.0,0.0,0.2506134298570629,3.8312865333333335,0.0,0.2506134298570629,0.0
608b4a3d-2af2-45cf-abfa-aa8a1f478696,D02-P051,False,"d1.in,d2.out,d3.in,d4.out,d5.in,d6.out",0.9553110666666668,4.588653,3.3246248,5.412375966666667,0.0,0.0,0.0,0.0,1.3867955333333333,0.0,3.0,1.3099603333333334,21.638683333333333,Saturday,6.7991715,2,0,0,1,0.0,0.0,1.3867955333333333,0.2501250137677816,0.0,0.0,0.0,0.0,0.06408872074009432,0.0,0.0,0.0,0.06408872074009432,0.31421373450787593,5.412375966666667,1.3867955333333333,0.2501250137677816,0.06408872074009432
4efac9f6-0468-40c4-a7c5-4b8e3ae32cec,D03-P060,False,"d1.in,d2.out,d3.in,d4.out,d5.in,d6.out",1.3957338666666668,1.408874,1.8890381333333333,0.0,0.0,0.0,0.2795640666666666,0.0,0.0,0.0,2.0,0.9313586666666668,7.535033333333333,Sunday,0.2795640666666666,1,0,1,0,0.0,0.2795640666666666,0.0,0.0,0.0,0.0,0.03710190178322591,0.0,0.0,0.0,0.0,0.03710190178322591,0.0,0.03710190178322591,0.0,0.2795640666666666,0.0,0.03710190178322591
e3ce28a1-c9a0-452b-8c52-c60d4b2a2df0,D04-P046,False,"d1.in,d2.out,d1.in,d2.out,d3.in,d4.out,d3.in,d4.out,d5.in,d6.out",3.6080777833333335,3.3465233333333333,3.881566466666667,3.7894682,4.952916833333333,8.334757,12.2741906,15.1675684,6.167054066666666,0.0,1.0,1.8308496,86.78146666666666,Sunday,50.6859551,6,2,2,1,13.287673833333336,27.441759,6.167054066666666,0.04366679137327325,0.057073440027901504,0.09604305297137178,0.14143792530202304,0.17477888980903758,0.07106418344316222,0.0,0.15311649299927332,0.31621681511106065,0.07106418344316222,0.5840642829267694,27.2917936,23.3941615,0.3144887341536826,0.26957554877308676
b768e32b-35a3-4684-81e7-fb4150f914d8,D05-P044,False,"d1.in,d2.out,d3.in,d4.out,d6.in,d6.out",0.9486480666666668,1.8297539333333328,14.6972938,13.28640055,0.0,0.0,0.0,3.480345333333333,0.0,5.0235106,0.0,0.0,44.62343333333333,Sunday,21.790256483333334,3,0,1,1,0.0,3.480345333333333,5.0235106,0.29774491914935575,0.0,0.0,0.0,0.07799366999252261,0.0,0.11257561834103606,0.0,0.07799366999252261,0.11257561834103606,0.4883142074829145,21.79025648333333,0.0,0.4883142074829144,0.0
a8374b22-852a-4984-b472-7d4bb6c661b3,D05-P045,False,"d1.in,d2.out,d3.in,d4.out,d6.in,d6.out",1.9301109,5.3671536,2.35647355,0.0,0.6487472166666667,0.0,0.0,0.0,0.0,0.0,0.0,0.0,12.4106,Sunday,0.6487472166666667,1,1,0,0,0.6487472166666667,0.0,0.0,0.0,0.05227363839513534,0.0,0.0,0.0,0.0,0.0,0.05227363839513534,0.0,0.0,0.05227363839513534,0.0,0.6487472166666667,0.0,0.05227363839513534
1b823eca-c625-4dfd-9ba5-fb2c18753d10,D03-P062,False,"d1.in,d2.out,d3.in,d4.out,d6.in,d5.out",1.1603234,4.484749833333334,2.4054416166666663,0.0,0.0,0.0,0.6485718666666667,0.0,0.0,0.0,0.0,0.0,12.285083333333334,Sunday,0.6485718666666667,1,0,1,0,0.0,0.6485718666666667,0.0,0.0,0.0,0.0,0.052793444624578585,0.0,0.0,0.0,0.0,0.052793444624578585,0.0,0.052793444624578585,0.0,0.6485718666666667,0.0,0.052793444624578585
0b199013-b146-4cb1-96cf-caef9f9eca08,D03-P063,False,"d1.in,d2.out,d3.in,d4.out",2.2096282,14.744749066666666,0.0,0.0,0.0,0.0,0.0,0.0,0.0,22.388964583333333,0.0,0.0,45.72415,Sunday,22.388964583333333,1,0,0,1,0.0,0.0,22.388964583333333,0.0,0.0,0.0,0.0,0.0,0.0,0.4896529423364531,0.0,0.0,0.4896529423364531,0.4896529423364531,22.388964583333333,0.0,0.4896529423364531,0.0
4535669f-efed-45b3-8bd3-77458ecc2d5e,D05-P046,False,"d1.in,d2.out,d3.in,d4.out,d5.in,d6.out",2.8276964833333333,3.355955,6.169486133333334,0.0,0.0,0.0,0.0,6.161965083333333,3.855714783333333,0.0,0.0,0.0,28.314633333333333,Sunday,10.017679866666668,2,0,1,1,0.0,6.161965083333333,3.855714783333333,0.0,0.0,0.0,0.0,0.2176247529251659,0.13617392596760922,0.0,0.0,0.2176247529251659,0.13617392596760922,0.35379867889277516,6.161965083333333,3.855714783333333,0.2176247529251659,0.13617392596760922
921da081-dc67-45aa-a3b8-8bf72e086aad,D02-P052,True,"d1.in,d2.out,d3.in,d4.out,d5.in",2.6451708833333334,4.7519126,13.114194716666669,0.0,0.0,0.0,0.0,0.0,0.0,0.0,7.0,2.989331733333333,29.66695,Sunday,0.0,0,0,0,0,0.0,0.0,0.0,0.0,0.0,0.0,0.0,0.0,0.0,0.0,0.0,0.0,0.0,0.0,0.0,0.0,0.0,0.0
90e99c04-d9fb-4290-9816-d1b2d73dcc40,D01-P059,False,"d3.in,d4.out,d5.in,d6.out",0.0,1.5043204,3.87392205,0.0,0.0,0.0,0.0,0.0,0.0,0.0,0.0,0.0,8.550833333333333,Sunday,0.0,0,0,0,0,0.0,0.0,0.0,0.0,0.0,0.0,0.0,0.0,0.0,0.0,0.0,0.0,0.0,0.0,0.0,0.0,0.0,0.0
66a2b1ee-4603-4b8b-8e95-44542b35a99e,D03-P064,False,"d1.in,d2.out,d3.in,d4.out,d5.in,d6.out",2.887432066666667,24.83489535,5.7407776,0.0,0.0,0.0,0.0,0.0,0.0,0.0,3.0,0.9992817333333334,35.386250000000004,Sunday,0.0,0,0,0,0,0.0,0.0,0.0,0.0,0.0,0.0,0.0,0.0,0.0,0.0,0.0,0.0,0.0,0.0,0.0,0.0,0.0,0.0
f4537b37-06a1-4135-ad59-5c778cbd806c,D01-P060,False,"d1.in,d2.out,d3.in,d4.out,d5.in,d6.out",1.41589885,3.624926133333333,6.439515266666667,0.0,0.0,12.935065533333333,0.0,0.0,0.0,0.1369486666666666,0.0,0.0,30.708,Sunday,13.0720142,2,1,0,1,12.935065533333333,0.0,0.1369486666666666,0.0,0.0,0.42122787330120276,0.0,0.0,0.0,0.004459706482566973,0.42122787330120276,0.0,0.004459706482566973,0.4256875797837697,13.0720142,0.0,0.4256875797837697,0.0
a4781159-5b47-4150-a825-cfdf3b696c4a,D02-P053,False,"d1.in,d2.out,d3.in,d4.out,d5.in,d6.out",1.7296918833333337,3.2137089333333337,9.227713333333332,0.0,0.0,0.0,0.0,0.0,0.0,0.0,2.0,1.711694066666667,15.942216666666669,Sunday,0.0,0,0,0,0,0.0,0.0,0.0,0.0,0.0,0.0,0.0,0.0,0.0,0.0,0.0,0.0,0.0,0.0,0.0,0.0,0.0,0.0
a8692b4e-97cf-44ba-be19-7d85583586c5,D01-P061,False,"d1.in,d2.out,d3.in,d4.out,d6.in,d6.out",1.9070480833333328,9.281411666666664,20.044950733333334,0.0,0.5523036,0.0,0.0,0.0,0.0,0.0,2.0,0.387023,41.27417095645,Sunday,0.5523036,1,1,0,0,0.5523036,0.0,0.0,0.0,0.013381337218929418,0.0,0.0,0.0,0.0,0.0,0.013381337218929418,0.0,0.0,0.013381337218929418,0.0,0.5523036,0.0,0.013381337218929418
1f7a516d-aacd-4423-91a2-eb03b0bcefde,D05-P047,False,"d1.in,d2.out,d3.in,d4.out,d5.in,d6.out",2.8832547833333333,1.9876134,0.9978612666666666,0.0,0.0,0.0,0.0,0.0,0.0,0.0,1.0,0.2014439999999999,7.637933333333334,Sunday,0.0,0,0,0,0,0.0,0.0,0.0,0.0,0.0,0.0,0.0,0.0,0.0,0.0,0.0,0.0,0.0,0.0,0.0,0.0,0.0,0.0
f11963f9-5132-4121-a119-faa1003aa9e4,D02-P054,False,"d1.in,d2.out,d3.in,d4.out,d5.in,d6.out",1.7037743333333333,1.7650345333333337,5.174215333333334,0.0,0.0,0.0,0.0,0.0,0.0,0.0,0.0,0.0,10.814783333333333,Sunday,0.0,0,0,0,0,0.0,0.0,0.0,0.0,0.0,0.0,0.0,0.0,0.0,0.0,0.0,0.0,0.0,0.0,0.0,0.0,0.0,0.0
9316ec32-4f3b-40da-bd0d-e1f75782361e,D05-P048,False,"d5.in,d6.out",0.0,0.0,7.423882000000001,0.0,0.4804656333333333,0.0,7.037986466666666,0.0,0.0,0.0,3.0,0.331977,21.93064163533333,Sunday,7.5184521,2,1,1,0,0.4804656333333333,7.037986466666666,0.0,0.0,0.021908416603700093,0.0,0.3209202258509156,0.0,0.0,0.0,0.021908416603700093,0.3209202258509156,0.0,0.34282864245461575,0.0,7.518452099999999,0.0,0.3428286424546157
2e2e5491-5ad5-4179-91e2-fc6b037484f1,D02-P055,False,"d1.in,d2.out,d3.in,d4.out,d5.in,d6.out",2.42556235,7.595009816666666,8.763033266666667,0.0,0.0,16.781217366666667,0.0,11.016739616666666,0.0,0.0,11.0,3.5239805,58.37045,Sunday,27.79795698333333,2,1,1,0,16.781217366666667,11.016739616666666,0.0,0.0,0.0,0.28749508298576876,0.0,0.18873830194330635,0.0,0.0,0.28749508298576876,0.18873830194330635,0.0,0.4762333849290751,27.797956983333332,0.0,0.47623338492907513,0.0
a9ebdb2a-0644-4b04-b91a-88e074416dfc,D04-P047,False,"d1.in,d2.out,d3.in,d4.out,d5.in,d6.out",1.0179333333333334,1.3971466666666668,3.2031368166666665,0.0,3.661388483333333,0.0,0.0,2.526210783333333,0.0,0.0,2.0,0.3658952833333334,13.880766666666666,Sunday,6.187599266666667,2,1,1,0,3.661388483333333,2.526210783333333,0.0,0.0,0.2637742259673457,0.0,0.0,0.18199360626094138,0.0,0.0,0.2637742259673457,0.18199360626094138,0.0,0.44576783222828714,2.526210783333333,3.661388483333333,0.18199360626094138,0.2637742259673457
0d3e9933-6ae4-4738-bf05-2f0a3b4b36c6,D01-P062,True,"d1.in,d2.out,d3.in",2.457352483333333,6.468321816666667,0.0,0.0,0.0,0.9599448666666668,1.763264333333333,0.0,0.0,0.0,4.0,1.3826269166666667,31.886071510900003,Sunday,2.7232092,2,1,1,0,0.9599448666666668,1.763264333333333,0.0,0.0,0.0,0.030105460509254556,0.05529888913190749,0.0,0.0,0.0,0.030105460509254556,0.05529888913190749,0.0,0.08540434964116204,0.9599448666666668,1.763264333333333,0.030105460509254556,0.05529888913190749
b8f5e229-7de4-4d5f-ad6e-e96b7fd304f1,D04-P048,False,"d2.in,d2.out,d3.in,d4.out,d5.in,d6.out",1.5682380666666669,2.5550243,5.13685835,0.0,3.556596233333333,0.0,0.0,2.973653816666667,0.65623555,3.3839599833333334,11.0,2.6280726000000003,26.404733333333336,Sunday,10.570445583333331,4,1,1,2,3.556596233333333,2.973653816666667,4.040195533333334,0.0,0.1346954043593194,0.0,0.0,0.1126182104976128,0.02485295123854056,0.12815732469683463,0.1346954043593194,0.1126182104976128,0.15301027593537522,0.4003238907923073,6.3576138,4.212831783333333,0.24077553519444744,0.15954835559785993
65f21968-8df1-4792-9163-99eea9e9cbf9,D02-P056,False,"d1.in,d2.out,d3.in,d4.out,d5.in,d6.out",0.9487636833333332,2.951844966666667,7.696528716666666,0.0,0.0,0.0,0.2133435166666666,0.0,0.1441374166666666,0.0,0.0,0.0,13.991433333333331,Sunday,0.3574809333333333,2,0,1,1,0.0,0.2133435166666666,0.1441374166666666,0.0,0.0,0.0,0.015248153036500903,0.0,0.010301833502881523,0.0,0.0,0.015248153036500903,0.010301833502881523,0.025549986539382435,0.0,0.3574809333333332,0.0,0.025549986539382424
713311cb-c13b-4208-b1c0-61f277cc86a2,D04-P049,False,"d1.in,d2.out,d3.in,d4.out,d5.in,d6.out",1.2141685,2.84822285,14.0365783,6.626436683333334,1.9745300666666667,0.0,0.0,0.0,1.494862,0.0,1.0,0.1679033166666666,29.7742,Sunday,10.09582875,3,1,0,1,1.9745300666666667,0.0,1.494862,0.22255633008891368,0.06631681343803249,0.0,0.0,0.0,0.050206621840385296,0.0,0.06631681343803249,0.0,0.050206621840385296,0.3390797653673315,6.626436683333334,3.469392066666667,0.22255633008891368,0.11652343527841778
14a322eb-4198-49a2-b3ed-2f3bb53f6ae0,D02-P057,False,"d1.in,d2.out,d3.in,d4.out,d5.in,d6.out",0.6316353166666667,0.513602,0.8359410833333333,0.0,0.0,0.0,0.0,0.0,0.0,0.0,3.0,1.1629744333333332,4.22115,Sunday,0.0,0,0,0,0,0.0,0.0,0.0,0.0,0.0,0.0,0.0,0.0,0.0,0.0,0.0,0.0,0.0,0.0,0.0,0.0,0.0,0.0
16bb75cb-779b-4f27-bf59-2b0774e8df6b,D05-P049,False,"d1.in,d2.out,d3.in,d4.out,d5.in,d6.out",1.4450113166666665,3.1976010500000003,1.3455859,0.0,0.0,0.0,0.0,0.0,0.0,0.0,0.0,0.0,7.147783333333334,Sunday,0.0,0,0,0,0,0.0,0.0,0.0,0.0,0.0,0.0,0.0,0.0,0.0,0.0,0.0,0.0,0.0,0.0,0.0,0.0,0.0,0.0
40548af0-64d4-4e4c-baa8-f0f8c76ac823,D03-P066,False,"d1.in,d2.out,d3.in,d4.out,d5.in,d6.out",0.7520951,2.6015775666666667,10.00114835,0.0,0.0,0.0,0.0,0.0,0.0,0.0,7.0,1.2761110666666666,14.827333333333334,Sunday,0.0,0,0,0,0,0.0,0.0,0.0,0.0,0.0,0.0,0.0,0.0,0.0,0.0,0.0,0.0,0.0,0.0,0.0,0.0,0.0,0.0
a338fabd-600c-4be0-88a4-a00b19e3b487,D01-P063,False,"d1.in,d2.out,d3.in,d4.out,d5.in,d6.out",2.5703605666666665,6.486856366666667,5.900127816666667,0.0,1.4646722,0.0,0.0,0.0,0.0,0.6067300333333333,5.0,0.65380805,21.81268333333333,Sunday,2.071402233333333,2,1,0,1,1.4646722,0.0,0.6067300333333333,0.0,0.06714773132756861,0.0,0.0,0.0,0.0,0.02781546974581303,0.06714773132756861,0.0,0.02781546974581303,0.09496320107338163,0.6067300333333333,1.4646722,0.02781546974581303,0.06714773132756861
8de10704-68d9-4bdd-957c-42a60fdbf562,D05-P050,False,"d1.in,d2.out,d3.in,d4.out,d5.in,d6.out",1.6613377666666669,4.743748283333333,19.370472016666668,0.0,0.0,0.73312135,0.0,0.0,0.0,0.0,1.0,0.3279028,28.294666666666668,Sunday,0.73312135,1,1,0,0,0.73312135,0.0,0.0,0.0,0.0,0.025910231021158286,0.0,0.0,0.0,0.0,0.025910231021158286,0.0,0.0,0.025910231021158286,0.73312135,0.0,0.025910231021158286,0.0
6c8a0694-0c8f-4ae3-978e-e3657f3f4fd1,D02-P058,False,"d1.in,d2.out,d3.in,d4.out,d6.in,d6.out",1.5451535,5.426247316666666,8.577607133333334,0.0,0.0,0.37247765,5.2253362,0.0,0.0,0.1133517333333333,0.0,0.0,23.14835,Sunday,5.711165583333334,3,1,1,1,0.37247765,5.2253362,0.1133517333333333,0.0,0.0,0.01609089416740286,0.22573255545211646,0.0,0.0,0.004896752180320986,0.01609089416740286,0.22573255545211646,0.004896752180320986,0.24672020179984033,0.4858293833333333,5.2253362,0.020987646347723845,0.22573255545211646
adb20035-13c3-41f1-b08d-07c0f338a2a6,D01-P064,False,"d1.in,d2.out,d3.in,d4.out,d6.in,d6.out",1.1424119166666666,5.459984516666666,6.247703133333333,2.0207457,0.5495295,0.0,0.0,0.0,0.0,0.5970986333333334,4.0,1.9088658833333327,18.35185,Sunday,3.167373833333333,3,1,0,1,0.5495295,0.0,0.5970986333333334,0.11011128033413525,0.02994409282987819,0.0,0.0,0.0,0.0,0.03253615484724065,0.02994409282987819,0.0,0.03253615484724065,0.17259152801125408,2.617844333333333,0.5495295,0.1426474351813759,0.02994409282987819
